filename,labels
mixed_0642.wav,"speech,explosion"
mixed_0700.wav,"wind,shahed,speech"
mixed_0226.wav,"siren,shahed"
mixed_1697.wav,"speech,shahed"
mixed_1010.wav,"shahed,wind,explosion"
mixed_1572.wav,"shahed,wind"
mixed_0776.wav,"siren,self,speech"
mixed_1730.wav,"wind,siren,shahed"
mixed_2826.wav,"self,shahed,explosion"
mixed_2228.wav,"self,explosion,wind"
mixed_2794.wav,"self,shahed"
mixed_0464.wav,"explosion,speech"
mixed_2651.wav,"siren,speech"
mixed_1093.wav,"self,speech"
mixed_1271.wav,"shahed,wind"
mixed_2923.wav,"speech,siren,explosion"
mixed_1580.wav,"siren,explosion,speech"
mixed_1207.wav,"self,siren,wind"
mixed_0212.wav,"wind,speech,explosion"
mixed_0012.wav,"siren,self"
mixed_2972.wav,"wind,explosion,shahed"
mixed_0422.wav,"speech,wind,self"
mixed_1688.wav,"siren,wind,self"
mixed_1779.wav,"explosion,siren"
mixed_2639.wav,"wind,siren"
mixed_2319.wav,"self,wind,siren"
mixed_0637.wav,"speech,wind,shahed"
mixed_1278.wav,"speech,self"
mixed_1640.wav,"explosion,speech,siren"
mixed_0509.wav,"speech,siren"
mixed_0597.wav,"wind,speech,self"
mixed_2712.wav,"explosion,wind"
mixed_2634.wav,"siren,shahed"
mixed_2364.wav,"shahed,speech,self"
mixed_2643.wav,"explosion,shahed,siren"
mixed_0518.wav,"self,siren"
mixed_2793.wav,"self,wind"
mixed_0573.wav,"wind,self"
mixed_2725.wav,"self,wind"
mixed_1097.wav,"explosion,wind,speech"
mixed_1947.wav,"wind,explosion"
mixed_1448.wav,"wind,self,explosion"
mixed_1584.wav,"wind,explosion,self"
mixed_2596.wav,"siren,wind"
mixed_0964.wav,"shahed,self,explosion"
mixed_1018.wav,"self,shahed,explosion"
mixed_2908.wav,"explosion,siren"
mixed_0358.wav,"self,siren,shahed"
mixed_0736.wav,"wind,speech,siren"
mixed_1784.wav,"siren,explosion"
mixed_1608.wav,"self,shahed,siren"
mixed_0259.wav,"siren,explosion"
mixed_2771.wav,"siren,explosion,shahed"
mixed_2642.wav,"explosion,siren,speech"
mixed_2742.wav,"shahed,self"
mixed_2383.wav,"siren,explosion"
mixed_1029.wav,"explosion,shahed,speech"
mixed_2408.wav,"self,speech"
mixed_0969.wav,"shahed,self,speech"
mixed_2990.wav,"wind,siren,shahed"
mixed_0819.wav,"shahed,siren"
mixed_2716.wav,"siren,wind"
mixed_2325.wav,"self,speech"
mixed_0456.wav,"siren,shahed"
mixed_0462.wav,"speech,explosion"
mixed_2344.wav,"wind,siren"
mixed_2688.wav,"self,explosion,siren"
mixed_0381.wav,"explosion,wind"
mixed_1891.wav,"wind,speech"
mixed_1832.wav,"speech,explosion,shahed"
mixed_2308.wav,"self,speech"
mixed_1506.wav,"speech,wind,shahed"
mixed_0805.wav,"wind,siren"
mixed_2438.wav,"shahed,wind,self"
mixed_0756.wav,"shahed,explosion"
mixed_2515.wav,"siren,explosion"
mixed_1253.wav,"siren,speech"
mixed_0869.wav,"speech,self"
mixed_2064.wav,"siren,wind"
mixed_1410.wav,"shahed,wind,explosion"
mixed_2360.wav,"siren,self,explosion"
mixed_2287.wav,"explosion,siren"
mixed_2858.wav,"speech,wind"
mixed_1173.wav,"shahed,explosion"
mixed_0542.wav,"self,siren,shahed"
mixed_2104.wav,"shahed,explosion"
mixed_1255.wav,"self,wind,shahed"
mixed_1766.wav,"self,speech"
mixed_1765.wav,"shahed,explosion"
mixed_1289.wav,"siren,speech"
mixed_2421.wav,"self,speech,wind"
mixed_2527.wav,"self,shahed,wind"
mixed_1343.wav,"shahed,siren,self"
mixed_1525.wav,"explosion,self,siren"
mixed_2894.wav,"wind,siren,self"
mixed_2686.wav,"speech,shahed,self"
mixed_2194.wav,"wind,siren"
mixed_2420.wav,"siren,self,explosion"
mixed_1677.wav,"speech,wind"
mixed_1286.wav,"explosion,speech,siren"
mixed_0435.wav,"explosion,wind"
mixed_1727.wav,"explosion,siren"
mixed_0237.wav,"speech,self,wind"
mixed_2347.wav,"siren,shahed"
mixed_0109.wav,"shahed,explosion,self"
mixed_2274.wav,"explosion,wind,speech"
mixed_0163.wav,"speech,self,shahed"
mixed_0288.wav,"speech,shahed,self"
mixed_0252.wav,"wind,explosion,siren"
mixed_2583.wav,"shahed,explosion"
mixed_1964.wav,"wind,self"
mixed_1288.wav,"speech,explosion,siren"
mixed_0744.wav,"self,speech"
mixed_1206.wav,"speech,shahed"
mixed_2419.wav,"wind,explosion,siren"
mixed_1391.wav,"siren,wind"
mixed_2333.wav,"self,siren"
mixed_0990.wav,"explosion,siren,self"
mixed_0839.wav,"shahed,wind,speech"
mixed_1149.wav,"self,shahed,wind"
mixed_1221.wav,"siren,shahed,explosion"
mixed_1743.wav,"self,explosion"
mixed_2400.wav,"shahed,siren,speech"
mixed_0461.wav,"self,explosion,speech"
mixed_1309.wav,"shahed,siren,speech"
mixed_1435.wav,"wind,explosion,siren"
mixed_0157.wav,"self,explosion"
mixed_1911.wav,"shahed,siren,speech"
mixed_2359.wav,"explosion,speech"
mixed_0677.wav,"explosion,shahed,siren"
mixed_2848.wav,"explosion,siren"
mixed_1872.wav,"self,siren,explosion"
mixed_0238.wav,"wind,speech,shahed"
mixed_2917.wav,"explosion,wind"
mixed_1091.wav,"wind,self,shahed"
mixed_2870.wav,"shahed,explosion"
mixed_0100.wav,"siren,wind"
mixed_0315.wav,"speech,wind,shahed"
mixed_1023.wav,"self,siren"
mixed_2746.wav,"self,wind,shahed"
mixed_0767.wav,"siren,speech"
mixed_1344.wav,"siren,shahed,wind"
mixed_0261.wav,"speech,self"
mixed_1451.wav,"shahed,siren,speech"
mixed_2834.wav,"self,siren"
mixed_0195.wav,"speech,explosion,siren"
mixed_1775.wav,"wind,speech"
mixed_2841.wav,"self,siren,explosion"
mixed_1735.wav,"wind,shahed,siren"
mixed_0179.wav,"explosion,self,siren"
mixed_2922.wav,"speech,explosion"
mixed_0340.wav,"wind,self,shahed"
mixed_1099.wav,"self,shahed,wind"
mixed_1543.wav,"shahed,self"
mixed_0748.wav,"wind,shahed,self"
mixed_2755.wav,"wind,self"
mixed_0662.wav,"speech,wind"
mixed_0480.wav,"siren,speech,self"
mixed_2138.wav,"shahed,speech"
mixed_0871.wav,"shahed,siren,wind"
mixed_1453.wav,"shahed,wind"
mixed_2952.wav,"wind,speech,explosion"
mixed_0549.wav,"wind,explosion,shahed"
mixed_2020.wav,"explosion,self"
mixed_2708.wav,"self,speech,siren"
mixed_0742.wav,"explosion,siren"
mixed_2415.wav,"self,wind"
mixed_2637.wav,"speech,self"
mixed_2566.wav,"self,shahed"
mixed_2292.wav,"shahed,siren,self"
mixed_1909.wav,"speech,self,wind"
mixed_0790.wav,"explosion,self"
mixed_2120.wav,"speech,explosion"
mixed_1446.wav,"wind,self,explosion"
mixed_0247.wav,"self,shahed,explosion"
mixed_0829.wav,"explosion,self,shahed"
mixed_1124.wav,"siren,wind"
mixed_2720.wav,"siren,wind,explosion"
mixed_0626.wav,"wind,self"
mixed_0347.wav,"siren,shahed"
mixed_0278.wav,"shahed,siren,wind"
mixed_1783.wav,"explosion,siren"
mixed_2280.wav,"speech,wind"
mixed_0655.wav,"shahed,self"
mixed_1213.wav,"explosion,shahed"
mixed_0838.wav,"self,siren"
mixed_2624.wav,"speech,wind,explosion"
mixed_2588.wav,"explosion,self"
mixed_2350.wav,"siren,wind,shahed"
mixed_1709.wav,"siren,self,shahed"
mixed_2023.wav,"self,shahed"
mixed_0976.wav,"speech,explosion"
mixed_0445.wav,"explosion,siren"
mixed_0617.wav,"siren,explosion"
mixed_1474.wav,"explosion,speech,self"
mixed_1778.wav,"speech,self"
mixed_2517.wav,"speech,wind,explosion"
mixed_1244.wav,"speech,wind"
mixed_2995.wav,"wind,self"
mixed_2552.wav,"siren,speech"
mixed_0547.wav,"self,shahed"
mixed_2210.wav,"speech,wind,self"
mixed_1623.wav,"shahed,speech"
mixed_0263.wav,"explosion,siren,speech"
mixed_1397.wav,"wind,siren,speech"
mixed_2353.wav,"siren,explosion,speech"
mixed_1815.wav,"siren,speech"
mixed_0353.wav,"explosion,self,wind"
mixed_1075.wav,"siren,wind,shahed"
mixed_0208.wav,"wind,self"
mixed_0613.wav,"wind,speech,explosion"
mixed_2090.wav,"wind,speech"
mixed_2099.wav,"explosion,shahed"
mixed_1498.wav,"siren,self,speech"
mixed_1135.wav,"speech,explosion,self"
mixed_2880.wav,"explosion,siren"
mixed_2078.wav,"wind,speech,shahed"
mixed_0057.wav,"wind,siren,shahed"
mixed_2483.wav,"speech,explosion"
mixed_0811.wav,"explosion,self,wind"
mixed_2195.wav,"self,siren"
mixed_0561.wav,"wind,siren"
mixed_2943.wav,"explosion,wind"
mixed_0229.wav,"speech,self,wind"
mixed_2509.wav,"speech,wind"
mixed_1721.wav,"speech,siren"
mixed_2179.wav,"explosion,speech"
mixed_1450.wav,"shahed,self"
mixed_1234.wav,"self,siren,shahed"
mixed_1071.wav,"explosion,speech"
mixed_2849.wav,"shahed,explosion"
mixed_1037.wav,"wind,self,speech"
mixed_0889.wav,"explosion,siren"
mixed_1053.wav,"siren,speech"
mixed_0707.wav,"speech,explosion"
mixed_0424.wav,"self,wind"
mixed_0069.wav,"speech,explosion,shahed"
mixed_2249.wav,"self,explosion,wind"
mixed_2535.wav,"explosion,wind"
mixed_2839.wav,"speech,shahed"
mixed_2406.wav,"speech,siren"
mixed_2963.wav,"explosion,wind"
mixed_2581.wav,"shahed,speech,siren"
mixed_2092.wav,"shahed,siren"
mixed_0940.wav,"wind,self,speech"
mixed_0620.wav,"wind,shahed,speech"
mixed_2519.wav,"siren,self,speech"
mixed_1196.wav,"wind,shahed,speech"
mixed_2067.wav,"wind,explosion"
mixed_1032.wav,"self,wind"
mixed_1505.wav,"self,siren"
mixed_1576.wav,"shahed,self"
mixed_2130.wav,"self,wind,explosion"
mixed_2044.wav,"explosion,speech"
mixed_1395.wav,"explosion,wind"
mixed_0279.wav,"explosion,siren"
mixed_1465.wav,"wind,self"
mixed_1503.wav,"self,speech"
mixed_2282.wav,"self,wind,shahed"
mixed_2838.wav,"wind,explosion,shahed"
mixed_2723.wav,"siren,speech"
mixed_0553.wav,"shahed,explosion,siren"
mixed_0834.wav,"shahed,wind,self"
mixed_0962.wav,"wind,speech,explosion"
mixed_0596.wav,"speech,siren"
mixed_2451.wav,"explosion,speech,wind"
mixed_0802.wav,"wind,siren,explosion"
mixed_2136.wav,"self,shahed,siren"
mixed_2985.wav,"explosion,siren,shahed"
mixed_2719.wav,"wind,siren"
mixed_0440.wav,"shahed,speech,wind"
mixed_0508.wav,"wind,shahed"
mixed_0076.wav,"self,wind,shahed"
mixed_2481.wav,"wind,shahed,speech"
mixed_0649.wav,"speech,shahed"
mixed_0522.wav,"shahed,wind"
mixed_1487.wav,"shahed,siren,speech"
mixed_2208.wav,"shahed,siren"
mixed_1494.wav,"explosion,shahed"
mixed_0654.wav,"shahed,explosion,wind"
mixed_2816.wav,"self,siren,wind"
mixed_1538.wav,"shahed,self"
mixed_1423.wav,"explosion,speech"
mixed_1651.wav,"siren,explosion"
mixed_0630.wav,"self,siren"
mixed_2541.wav,"wind,siren"
mixed_1507.wav,"shahed,explosion"
mixed_2941.wav,"shahed,self"
mixed_0482.wav,"siren,wind"
mixed_1927.wav,"speech,shahed"
mixed_1113.wav,"siren,wind"
mixed_2563.wav,"explosion,siren"
mixed_1088.wav,"siren,wind,self"
mixed_0438.wav,"wind,explosion"
mixed_1717.wav,"explosion,siren"
mixed_2443.wav,"siren,explosion,self"
mixed_0856.wav,"explosion,self"
mixed_1983.wav,"explosion,self,shahed"
mixed_0166.wav,"speech,siren"
mixed_0059.wav,"speech,explosion,wind"
mixed_0611.wav,"speech,wind,shahed"
mixed_0530.wav,"shahed,speech,wind"
mixed_2787.wav,"wind,speech"
mixed_0049.wav,"shahed,speech,explosion"
mixed_1883.wav,"siren,self,speech"
mixed_1011.wav,"self,siren"
mixed_0858.wav,"siren,wind,self"
mixed_1017.wav,"wind,shahed"
mixed_0048.wav,"siren,shahed,wind"
mixed_0719.wav,"siren,speech,explosion"
mixed_2390.wav,"shahed,explosion"
mixed_2652.wav,"explosion,speech"
mixed_2246.wav,"self,wind,shahed"
mixed_1159.wav,"explosion,self"
mixed_0632.wav,"shahed,speech"
mixed_1338.wav,"explosion,siren,wind"
mixed_2127.wav,"siren,explosion"
mixed_2602.wav,"wind,shahed"
mixed_1436.wav,"shahed,self"
mixed_0025.wav,"self,wind,shahed"
mixed_2965.wav,"wind,speech,self"
mixed_0219.wav,"shahed,siren"
mixed_2818.wav,"speech,wind,explosion"
mixed_0276.wav,"wind,self,shahed"
mixed_2157.wav,"shahed,speech"
mixed_1480.wav,"explosion,self"
mixed_1235.wav,"siren,shahed"
mixed_1593.wav,"wind,explosion"
mixed_0999.wav,"speech,shahed,self"
mixed_2140.wav,"siren,self,shahed"
mixed_0361.wav,"explosion,siren"
mixed_1457.wav,"self,wind,shahed"
mixed_1993.wav,"shahed,explosion"
mixed_1671.wav,"speech,wind"
mixed_2334.wav,"siren,wind"
mixed_1650.wav,"speech,shahed,explosion"
mixed_1835.wav,"speech,siren,shahed"
mixed_1114.wav,"explosion,wind,shahed"
mixed_1846.wav,"explosion,siren,self"
mixed_1317.wav,"wind,explosion,shahed"
mixed_2629.wav,"speech,shahed,explosion"
mixed_0297.wav,"shahed,explosion"
mixed_1313.wav,"shahed,wind"
mixed_0937.wav,"speech,shahed"
mixed_0240.wav,"wind,self,shahed"
mixed_1432.wav,"speech,siren"
mixed_0582.wav,"wind,explosion,shahed"
mixed_2906.wav,"siren,explosion,speech"
mixed_1954.wav,"wind,shahed,explosion"
mixed_1334.wav,"self,shahed,wind"
mixed_1729.wav,"shahed,siren"
mixed_1672.wav,"explosion,speech"
mixed_0350.wav,"speech,siren,explosion"
mixed_2745.wav,"explosion,shahed,wind"
mixed_1220.wav,"self,speech"
mixed_0349.wav,"speech,explosion,shahed"
mixed_1518.wav,"explosion,wind,shahed"
mixed_2547.wav,"speech,shahed"
mixed_0643.wav,"self,explosion,shahed"
mixed_2835.wav,"speech,shahed,self"
mixed_0944.wav,"wind,explosion,self"
mixed_1462.wav,"self,siren,shahed"
mixed_0657.wav,"explosion,wind"
mixed_2702.wav,"self,wind,siren"
mixed_2893.wav,"self,speech,siren"
mixed_1236.wav,"siren,explosion,shahed"
mixed_2467.wav,"speech,self"
mixed_0647.wav,"shahed,self,siren"
mixed_1125.wav,"shahed,siren"
mixed_1110.wav,"wind,siren"
mixed_2650.wav,"wind,self,speech"
mixed_1940.wav,"siren,explosion"
mixed_0538.wav,"explosion,wind"
mixed_1048.wav,"speech,wind"
mixed_2983.wav,"explosion,self"
mixed_2375.wav,"wind,self"
mixed_2209.wav,"shahed,explosion,siren"
mixed_2338.wav,"wind,shahed,siren"
mixed_2162.wav,"self,siren"
mixed_0801.wav,"siren,explosion,speech"
mixed_0786.wav,"speech,explosion"
mixed_2694.wav,"self,wind"
mixed_2040.wav,"wind,speech"
mixed_0788.wav,"shahed,wind"
mixed_2183.wav,"speech,self"
mixed_2468.wav,"explosion,wind"
mixed_2013.wav,"wind,shahed"
mixed_0714.wav,"self,shahed,wind"
mixed_0803.wav,"speech,explosion,self"
mixed_2008.wav,"wind,speech"
mixed_2761.wav,"speech,explosion,siren"
mixed_0123.wav,"siren,shahed"
mixed_1808.wav,"speech,shahed,self"
mixed_2286.wav,"explosion,self,wind"
mixed_2147.wav,"explosion,shahed"
mixed_0618.wav,"wind,siren"
mixed_0406.wav,"siren,speech,explosion"
mixed_1157.wav,"siren,explosion,self"
mixed_1068.wav,"speech,explosion"
mixed_1133.wav,"shahed,siren"
mixed_2905.wav,"speech,self,siren"
mixed_0497.wav,"self,wind"
mixed_1061.wav,"self,explosion"
mixed_0325.wav,"explosion,self,siren"
mixed_0342.wav,"wind,explosion"
mixed_2356.wav,"speech,wind"
mixed_2266.wav,"self,wind"
mixed_0782.wav,"siren,explosion,self"
mixed_2367.wav,"explosion,shahed,siren"
mixed_0299.wav,"speech,wind"
mixed_1461.wav,"speech,shahed"
mixed_2373.wav,"speech,wind,explosion"
mixed_0303.wav,"shahed,wind,self"
mixed_1237.wav,"shahed,explosion"
mixed_2571.wav,"speech,shahed,explosion"
mixed_1656.wav,"speech,siren"
mixed_0664.wav,"explosion,wind,self"
mixed_1690.wav,"explosion,shahed"
mixed_0220.wav,"speech,explosion"
mixed_1626.wav,"shahed,siren"
mixed_1188.wav,"speech,self"
mixed_1455.wav,"shahed,self"
mixed_0449.wav,"speech,self"
mixed_2002.wav,"siren,shahed,self"
mixed_2616.wav,"explosion,wind"
mixed_0084.wav,"speech,siren,wind"
mixed_0941.wav,"siren,self"
mixed_0961.wav,"siren,speech"
mixed_0841.wav,"siren,self,wind"
mixed_1326.wav,"siren,self"
mixed_2378.wav,"wind,speech,explosion"
mixed_2430.wav,"explosion,wind,speech"
mixed_1373.wav,"self,explosion"
mixed_0290.wav,"explosion,siren"
mixed_1867.wav,"self,speech"
mixed_1554.wav,"wind,explosion"
mixed_0604.wav,"self,siren"
mixed_2032.wav,"speech,siren,shahed"
mixed_0916.wav,"siren,speech,wind"
mixed_2632.wav,"wind,explosion"
mixed_2337.wav,"siren,speech,shahed"
mixed_2098.wav,"speech,siren"
mixed_2437.wav,"wind,shahed,explosion"
mixed_0821.wav,"siren,shahed,explosion"
mixed_2469.wav,"shahed,self,wind"
mixed_1000.wav,"explosion,wind,siren"
mixed_1703.wav,"shahed,self"
mixed_0018.wav,"siren,wind,speech"
mixed_1777.wav,"siren,speech"
mixed_1208.wav,"wind,speech,shahed"
mixed_2560.wav,"speech,shahed"
mixed_1936.wav,"wind,self"
mixed_1718.wav,"self,shahed,siren"
mixed_1427.wav,"self,speech"
mixed_2241.wav,"wind,speech"
mixed_2310.wav,"speech,shahed,siren"
mixed_1357.wav,"self,explosion,shahed"
mixed_2057.wav,"siren,speech,explosion"
mixed_0360.wav,"wind,explosion"
mixed_2270.wav,"explosion,siren,shahed"
mixed_2084.wav,"explosion,shahed,siren"
mixed_1564.wav,"siren,self"
mixed_0344.wav,"wind,self"
mixed_0986.wav,"explosion,self,speech"
mixed_1260.wav,"siren,speech,explosion"
mixed_1713.wav,"siren,speech"
mixed_1720.wav,"self,speech"
mixed_2646.wav,"self,wind,shahed"
mixed_2886.wav,"explosion,wind"
mixed_1575.wav,"siren,speech"
mixed_0085.wav,"shahed,siren,self"
mixed_2063.wav,"shahed,wind,self"
mixed_0668.wav,"speech,wind"
mixed_1014.wav,"shahed,siren"
mixed_0128.wav,"siren,wind,shahed"
mixed_1873.wav,"self,explosion"
mixed_1146.wav,"self,explosion,speech"
mixed_0891.wav,"explosion,speech,siren"
mixed_2471.wav,"siren,wind,speech"
mixed_0307.wav,"speech,shahed,siren"
mixed_0383.wav,"siren,shahed,self"
mixed_1833.wav,"explosion,wind"
mixed_1127.wav,"speech,shahed"
mixed_0426.wav,"shahed,speech"
mixed_0494.wav,"explosion,shahed"
mixed_1565.wav,"shahed,wind,siren"
mixed_2791.wav,"wind,speech,siren"
mixed_2611.wav,"shahed,self"
mixed_1251.wav,"shahed,speech"
mixed_1295.wav,"self,wind"
mixed_0275.wav,"self,speech,explosion"
mixed_0489.wav,"shahed,speech"
mixed_1957.wav,"shahed,siren"
mixed_0690.wav,"speech,wind,explosion"
mixed_2051.wav,"speech,siren,self"
mixed_2238.wav,"shahed,explosion"
mixed_1242.wav,"explosion,self,siren"
mixed_2673.wav,"wind,explosion"
mixed_2079.wav,"wind,self"
mixed_1058.wav,"wind,self,siren"
mixed_0118.wav,"speech,siren,self"
mixed_1995.wav,"wind,explosion"
mixed_2285.wav,"wind,explosion,siren"
mixed_0281.wav,"siren,wind"
mixed_2807.wav,"explosion,speech"
mixed_2335.wav,"shahed,wind,siren"
mixed_2762.wav,"speech,shahed,siren"
mixed_2945.wav,"siren,speech"
mixed_1179.wav,"wind,explosion"
mixed_1602.wav,"speech,wind,siren"
mixed_2116.wav,"wind,explosion,self"
mixed_0304.wav,"explosion,shahed"
mixed_1844.wav,"explosion,siren,wind"
mixed_1356.wav,"self,explosion"
mixed_2436.wav,"shahed,explosion,siren"
mixed_0575.wav,"self,shahed,siren"
mixed_1871.wav,"siren,self,explosion"
mixed_2845.wav,"explosion,speech"
mixed_2623.wav,"siren,speech,self"
mixed_1417.wav,"shahed,explosion,speech"
mixed_1795.wav,"siren,shahed,wind"
mixed_0843.wav,"shahed,explosion,self"
mixed_2812.wav,"explosion,wind,siren"
mixed_0269.wav,"wind,shahed,self"
mixed_0629.wav,"speech,wind,self"
mixed_1033.wav,"self,explosion"
mixed_0286.wav,"explosion,siren"
mixed_2211.wav,"wind,speech"
mixed_0300.wav,"self,wind,explosion"
mixed_1510.wav,"siren,self"
mixed_1811.wav,"siren,shahed"
mixed_0065.wav,"siren,self,wind"
mixed_2397.wav,"speech,wind,self"
mixed_0890.wav,"shahed,siren"
mixed_1767.wav,"shahed,explosion"
mixed_1731.wav,"speech,wind,siren"
mixed_1376.wav,"siren,shahed,wind"
mixed_0230.wav,"speech,explosion"
mixed_0503.wav,"speech,siren,self"
mixed_2459.wav,"wind,self,siren"
mixed_1350.wav,"shahed,siren,speech"
mixed_1444.wav,"wind,shahed,explosion"
mixed_2551.wav,"siren,explosion"
mixed_1004.wav,"explosion,self,siren"
mixed_0836.wav,"self,siren"
mixed_1588.wav,"speech,shahed"
mixed_0374.wav,"explosion,speech,self"
mixed_1352.wav,"explosion,siren"
mixed_2110.wav,"siren,speech,self"
mixed_1786.wav,"wind,explosion,self"
mixed_1803.wav,"explosion,wind,shahed"
mixed_2071.wav,"speech,shahed"
mixed_0751.wav,"self,siren"
mixed_0099.wav,"self,explosion,wind"
mixed_1723.wav,"wind,shahed"
mixed_0866.wav,"siren,shahed"
mixed_0910.wav,"shahed,speech,explosion"
mixed_2009.wav,"shahed,wind,siren"
mixed_0529.wav,"speech,explosion,wind"
mixed_0636.wav,"self,speech"
mixed_0185.wav,"wind,self"
mixed_1187.wav,"speech,wind"
mixed_1971.wav,"shahed,wind"
mixed_0931.wav,"siren,wind"
mixed_1381.wav,"shahed,explosion"
mixed_2295.wav,"speech,explosion,self"
mixed_2382.wav,"wind,explosion"
mixed_2401.wav,"wind,explosion"
mixed_1999.wav,"siren,speech,wind"
mixed_0607.wav,"siren,shahed,self"
mixed_2896.wav,"shahed,wind,self"
mixed_0151.wav,"wind,explosion"
mixed_1283.wav,"wind,shahed"
mixed_2262.wav,"speech,siren"
mixed_0731.wav,"speech,explosion,shahed"
mixed_1337.wav,"wind,self,speech"
mixed_1598.wav,"wind,speech"
mixed_2840.wav,"wind,self"
mixed_0023.wav,"siren,self"
mixed_2857.wav,"speech,explosion"
mixed_0158.wav,"speech,shahed"
mixed_0861.wav,"speech,shahed"
mixed_0902.wav,"explosion,self,siren"
mixed_2655.wav,"speech,siren,explosion"
mixed_2937.wav,"explosion,wind"
mixed_0444.wav,"explosion,siren,shahed"
mixed_2938.wav,"explosion,siren,speech"
mixed_0754.wav,"wind,speech"
mixed_0923.wav,"wind,shahed,self"
mixed_2970.wav,"shahed,wind"
mixed_2102.wav,"shahed,speech"
mixed_0311.wav,"explosion,speech,wind"
mixed_0548.wav,"explosion,shahed,self"
mixed_1945.wav,"self,shahed,speech"
mixed_1456.wav,"explosion,self"
mixed_0306.wav,"wind,siren"
mixed_0287.wav,"speech,explosion"
mixed_0694.wav,"speech,shahed"
mixed_0308.wav,"speech,siren,wind"
mixed_2320.wav,"siren,wind"
mixed_0749.wav,"self,explosion,speech"
mixed_2815.wav,"explosion,speech"
mixed_1239.wav,"explosion,siren"
mixed_0908.wav,"speech,wind"
mixed_1880.wav,"shahed,speech"
mixed_2380.wav,"siren,self,shahed"
mixed_1406.wav,"siren,speech,wind"
mixed_2494.wav,"speech,wind"
mixed_0970.wav,"explosion,self"
mixed_0013.wav,"siren,self,wind"
mixed_0873.wav,"explosion,shahed,wind"
mixed_0808.wav,"explosion,wind,siren"
mixed_2578.wav,"shahed,speech"
mixed_0514.wav,"explosion,siren,wind"
mixed_2413.wav,"explosion,speech"
mixed_0409.wav,"siren,shahed,explosion"
mixed_2833.wav,"shahed,speech"
mixed_2259.wav,"shahed,wind,explosion"
mixed_2823.wav,"explosion,wind,siren"
mixed_1225.wav,"siren,self"
mixed_1655.wav,"shahed,wind"
mixed_1610.wav,"speech,shahed"
mixed_0382.wav,"siren,speech,explosion"
mixed_2106.wav,"shahed,siren"
mixed_2187.wav,"wind,self"
mixed_1621.wav,"self,explosion"
mixed_2831.wav,"wind,self,siren"
mixed_0552.wav,"shahed,siren,self"
mixed_0222.wav,"explosion,shahed"
mixed_1096.wav,"explosion,wind,siren"
mixed_2754.wav,"siren,self,shahed"
mixed_0008.wav,"siren,wind,shahed"
mixed_1476.wav,"explosion,speech,siren"
mixed_0316.wav,"shahed,wind"
mixed_0427.wav,"self,explosion"
mixed_1985.wav,"explosion,shahed"
mixed_0105.wav,"explosion,siren"
mixed_2015.wav,"shahed,self,siren"
mixed_0142.wav,"siren,self,explosion"
mixed_0121.wav,"siren,speech"
mixed_2371.wav,"shahed,wind"
mixed_2865.wav,"shahed,self,siren"
mixed_1189.wav,"wind,speech"
mixed_2961.wav,"shahed,speech,explosion"
mixed_2600.wav,"siren,wind,explosion"
mixed_1657.wav,"shahed,speech"
mixed_0115.wav,"self,speech,explosion"
mixed_1405.wav,"speech,siren,explosion"
mixed_1511.wav,"explosion,wind,siren"
mixed_2492.wav,"speech,siren,explosion"
mixed_2797.wav,"siren,shahed,self"
mixed_2948.wav,"speech,shahed"
mixed_1596.wav,"self,speech,shahed"
mixed_2889.wav,"self,wind"
mixed_0672.wav,"explosion,siren,speech"
mixed_1431.wav,"wind,siren"
mixed_2172.wav,"explosion,self,shahed"
mixed_0591.wav,"explosion,wind"
mixed_1402.wav,"wind,speech,explosion"
mixed_0888.wav,"shahed,wind,siren"
mixed_1754.wav,"explosion,shahed,wind"
mixed_1366.wav,"self,explosion"
mixed_2396.wav,"explosion,wind,siren"
mixed_0213.wav,"speech,wind,explosion"
mixed_2007.wav,"wind,self,shahed"
mixed_2148.wav,"shahed,explosion"
mixed_0800.wav,"shahed,self,wind"
mixed_2480.wav,"explosion,shahed,speech"
mixed_2439.wav,"siren,explosion,self"
mixed_2283.wav,"explosion,siren,wind"
mixed_2662.wav,"explosion,wind,siren"
mixed_2711.wav,"wind,explosion,self"
mixed_0273.wav,"shahed,speech"
mixed_0071.wav,"self,siren"
mixed_1789.wav,"speech,self"
mixed_1087.wav,"speech,wind"
mixed_0394.wav,"self,shahed,speech"
mixed_0583.wav,"self,wind,shahed"
mixed_2080.wav,"siren,self"
mixed_1980.wav,"shahed,speech,wind"
mixed_0500.wav,"speech,siren"
mixed_2014.wav,"speech,self,siren"
mixed_2223.wav,"shahed,speech"
mixed_2979.wav,"siren,speech"
mixed_2740.wav,"explosion,shahed"
mixed_2318.wav,"speech,self,siren"
mixed_1259.wav,"wind,self,shahed"
mixed_1742.wav,"shahed,speech,self"
mixed_0205.wav,"speech,explosion,wind"
mixed_0733.wav,"shahed,siren,self"
mixed_2502.wav,"siren,explosion"
mixed_0526.wav,"self,siren,speech"
mixed_1375.wav,"explosion,shahed"
mixed_0898.wav,"siren,wind,speech"
mixed_0377.wav,"self,wind,explosion"
mixed_1726.wav,"speech,wind,siren"
mixed_2682.wav,"self,speech"
mixed_2722.wav,"self,explosion"
mixed_0386.wav,"explosion,self"
mixed_0198.wav,"siren,explosion"
mixed_1050.wav,"siren,wind"
mixed_0590.wav,"speech,explosion"
mixed_0519.wav,"explosion,siren,speech"
mixed_2950.wav,"self,explosion,speech"
mixed_0429.wav,"self,explosion"
mixed_1083.wav,"speech,siren,explosion"
mixed_0207.wav,"speech,self"
mixed_0491.wav,"self,shahed"
mixed_1609.wav,"shahed,wind"
mixed_2912.wav,"self,wind"
mixed_0792.wav,"shahed,siren"
mixed_2019.wav,"wind,explosion"
mixed_1186.wav,"wind,speech,explosion"
mixed_1185.wav,"self,shahed,speech"
mixed_2181.wav,"siren,wind"
mixed_1340.wav,"wind,explosion,siren"
mixed_2232.wav,"explosion,self"
mixed_0083.wav,"wind,speech"
mixed_2369.wav,"self,wind,explosion"
mixed_2226.wav,"speech,shahed"
mixed_0020.wav,"self,explosion"
mixed_1378.wav,"explosion,wind,siren"
mixed_1558.wav,"siren,shahed"
mixed_1938.wav,"speech,siren,self"
mixed_2837.wav,"speech,wind"
mixed_1937.wav,"wind,explosion"
mixed_0973.wav,"shahed,explosion,self"
mixed_2789.wav,"siren,self"
mixed_0883.wav,"siren,wind,speech"
mixed_1098.wav,"speech,self,siren"
mixed_0156.wav,"speech,wind,explosion"
mixed_2276.wav,"self,explosion,speech"
mixed_0886.wav,"explosion,shahed"
mixed_2998.wav,"self,speech"
mixed_1591.wav,"wind,explosion"
mixed_2478.wav,"shahed,siren"
mixed_2717.wav,"explosion,siren,wind"
mixed_2534.wav,"wind,self,explosion"
mixed_2117.wav,"siren,wind"
mixed_1472.wav,"self,shahed,wind"
mixed_2648.wav,"wind,speech"
mixed_0458.wav,"explosion,siren"
mixed_2498.wav,"explosion,self,siren"
mixed_0078.wav,"shahed,self,siren"
mixed_2914.wav,"siren,wind"
mixed_1056.wav,"wind,shahed,speech"
mixed_0906.wav,"siren,explosion"
mixed_1563.wav,"self,explosion"
mixed_2426.wav,"explosion,siren,shahed"
mixed_2696.wav,"self,shahed,explosion"
mixed_0380.wav,"siren,wind,speech"
mixed_0947.wav,"self,speech,siren"
mixed_1712.wav,"explosion,shahed,wind"
mixed_2756.wav,"wind,self,explosion"
mixed_0715.wav,"explosion,speech"
mixed_1913.wav,"wind,speech,siren"
mixed_0686.wav,"wind,speech,self"
mixed_2670.wav,"speech,shahed,siren"
mixed_1293.wav,"siren,explosion,self"
mixed_0305.wav,"shahed,siren,explosion"
mixed_0209.wav,"self,siren"
mixed_2011.wav,"explosion,shahed"
mixed_2221.wav,"explosion,siren,shahed"
mixed_2975.wav,"siren,self,wind"
mixed_1537.wav,"explosion,speech,siren"
mixed_0885.wav,"explosion,self"
mixed_1859.wav,"wind,shahed"
mixed_0917.wav,"shahed,explosion"
mixed_1886.wav,"explosion,speech"
mixed_1660.wav,"wind,speech"
mixed_0191.wav,"siren,self"
mixed_1747.wav,"self,shahed,wind"
mixed_2131.wav,"shahed,speech"
mixed_1265.wav,"wind,explosion"
mixed_0483.wav,"wind,speech,self"
mixed_0915.wav,"self,siren"
mixed_2599.wav,"speech,explosion"
mixed_0277.wav,"shahed,wind,self"
mixed_0988.wav,"speech,shahed,siren"
mixed_1987.wav,"shahed,self,explosion"
mixed_1894.wav,"explosion,wind"
mixed_1869.wav,"explosion,self,wind"
mixed_0571.wav,"speech,wind,siren"
mixed_0993.wav,"speech,self"
mixed_2795.wav,"shahed,self"
mixed_2946.wav,"explosion,shahed,speech"
mixed_0585.wav,"self,speech,wind"
mixed_2328.wav,"self,siren"
mixed_2993.wav,"speech,explosion"
mixed_1349.wav,"wind,shahed"
mixed_2900.wav,"wind,explosion"
mixed_0674.wav,"self,shahed"
mixed_2590.wav,"siren,explosion"
mixed_0855.wav,"speech,siren,wind"
mixed_0447.wav,"self,wind,siren"
mixed_1419.wav,"self,siren,shahed"
mixed_2229.wav,"self,shahed"
mixed_1616.wav,"speech,siren,self"
mixed_2258.wav,"self,explosion"
mixed_2821.wav,"speech,self"
mixed_2753.wav,"shahed,self,wind"
mixed_1716.wav,"self,shahed,speech"
mixed_2671.wav,"shahed,siren"
mixed_1247.wav,"self,siren"
mixed_0294.wav,"shahed,self,siren"
mixed_0588.wav,"siren,explosion"
mixed_1281.wav,"self,wind"
mixed_1422.wav,"siren,self"
mixed_2349.wav,"shahed,self,siren"
mixed_1426.wav,"explosion,self"
mixed_2252.wav,"shahed,siren,wind"
mixed_0425.wav,"self,speech,siren"
mixed_0534.wav,"siren,explosion,wind"
mixed_1054.wav,"siren,speech"
mixed_1864.wav,"shahed,speech,self"
mixed_2504.wav,"siren,explosion"
mixed_1425.wav,"wind,siren"
mixed_0132.wav,"self,shahed"
mixed_1837.wav,"wind,self,shahed"
mixed_1825.wav,"self,speech"
mixed_0421.wav,"self,explosion,shahed"
mixed_2658.wav,"explosion,speech"
mixed_2028.wav,"siren,speech,wind"
mixed_2989.wav,"siren,self,speech"
mixed_1368.wav,"siren,explosion,self"
mixed_0556.wav,"shahed,wind"
mixed_2043.wav,"wind,explosion"
mixed_1486.wav,"wind,explosion"
mixed_2679.wav,"siren,shahed,wind"
mixed_0570.wav,"wind,explosion"
mixed_0352.wav,"wind,explosion"
mixed_0091.wav,"shahed,siren,explosion"
mixed_2562.wav,"speech,self,siren"
mixed_2533.wav,"self,explosion,shahed"
mixed_1170.wav,"shahed,speech,self"
mixed_2248.wav,"wind,explosion"
mixed_1285.wav,"self,speech,explosion"
mixed_1702.wav,"speech,shahed"
mixed_1468.wav,"speech,shahed"
mixed_1907.wav,"explosion,siren,shahed"
mixed_1477.wav,"siren,self,shahed"
mixed_0697.wav,"siren,self,speech"
mixed_2506.wav,"wind,shahed"
mixed_0348.wav,"shahed,speech,wind"
mixed_1644.wav,"wind,shahed"
mixed_2346.wav,"siren,wind,explosion"
mixed_2431.wav,"siren,shahed"
mixed_2168.wav,"explosion,speech"
mixed_1137.wav,"explosion,speech,wind"
mixed_1797.wav,"self,shahed"
mixed_1544.wav,"explosion,siren,wind"
mixed_2836.wav,"self,speech,explosion"
mixed_2820.wav,"self,wind,explosion"
mixed_1339.wav,"self,shahed,speech"
mixed_2490.wav,"wind,siren"
mixed_0453.wav,"explosion,shahed"
mixed_0913.wav,"shahed,self,siren"
mixed_1199.wav,"explosion,shahed"
mixed_1274.wav,"shahed,siren"
mixed_1866.wav,"siren,wind"
mixed_0037.wav,"self,siren,shahed"
mixed_0974.wav,"shahed,speech,wind"
mixed_2770.wav,"wind,speech"
mixed_0983.wav,"siren,explosion"
mixed_1805.wav,"wind,shahed,speech"
mixed_1961.wav,"wind,self,speech"
mixed_1418.wav,"shahed,siren,speech"
mixed_1284.wav,"wind,self"
mixed_0039.wav,"explosion,shahed,wind"
mixed_2540.wav,"explosion,shahed,self"
mixed_0169.wav,"shahed,wind,speech"
mixed_1355.wav,"wind,speech,explosion"
mixed_0737.wav,"wind,siren"
mixed_1590.wav,"siren,self,wind"
mixed_2699.wav,"wind,speech,explosion"
mixed_1897.wav,"shahed,wind,self"
mixed_0634.wav,"siren,shahed"
mixed_2647.wav,"shahed,wind"
mixed_1918.wav,"shahed,self,wind"
mixed_1290.wav,"siren,explosion"
mixed_1380.wav,"explosion,self"
mixed_0579.wav,"siren,shahed,explosion"
mixed_0328.wav,"siren,wind"
mixed_1642.wav,"wind,self,shahed"
mixed_0892.wav,"shahed,speech,siren"
mixed_1849.wav,"siren,self,wind"
mixed_0780.wav,"explosion,speech"
mixed_0159.wav,"wind,speech"
mixed_1545.wav,"self,explosion"
mixed_1933.wav,"siren,self,explosion"
mixed_2978.wav,"siren,speech,self"
mixed_0061.wav,"speech,shahed,explosion"
mixed_0849.wav,"shahed,self,explosion"
mixed_2129.wav,"explosion,self,siren"
mixed_2892.wav,"self,siren"
mixed_1043.wav,"speech,self,wind"
mixed_2496.wav,"self,wind,shahed"
mixed_2260.wav,"wind,speech"
mixed_2121.wav,"shahed,siren,explosion"
mixed_1070.wav,"wind,self"
mixed_0053.wav,"shahed,speech"
mixed_0258.wav,"explosion,shahed"
mixed_0505.wav,"wind,explosion"
mixed_0752.wav,"wind,explosion,self"
mixed_1978.wav,"self,siren,wind"
mixed_2947.wav,"speech,wind"
mixed_2410.wav,"shahed,explosion,siren"
mixed_1517.wav,"shahed,wind,explosion"
mixed_2997.wav,"explosion,wind,siren"
mixed_2273.wav,"speech,self"
mixed_1389.wav,"shahed,wind"
mixed_1266.wav,"shahed,siren"
mixed_2466.wav,"shahed,siren"
mixed_1711.wav,"self,shahed,siren"
mixed_0771.wav,"siren,wind,self"
mixed_2802.wav,"siren,self"
mixed_1807.wav,"siren,speech"
mixed_2685.wav,"explosion,self,wind"
mixed_1085.wav,"shahed,speech"
mixed_2257.wav,"siren,wind,speech"
mixed_1532.wav,"shahed,self"
mixed_1325.wav,"siren,speech,shahed"
mixed_2119.wav,"explosion,speech,siren"
mixed_1812.wav,"siren,speech"
mixed_1714.wav,"shahed,siren"
mixed_2034.wav,"self,wind"
mixed_2423.wav,"wind,explosion"
mixed_2434.wav,"shahed,wind,explosion"
mixed_1681.wav,"shahed,explosion,speech"
mixed_2227.wav,"explosion,self"
mixed_1163.wav,"speech,wind,explosion"
mixed_0963.wav,"siren,wind"
mixed_2902.wav,"shahed,explosion"
mixed_1662.wav,"speech,shahed,self"
mixed_0398.wav,"self,wind"
mixed_0584.wav,"siren,explosion"
mixed_0948.wav,"wind,speech"
mixed_0704.wav,"siren,explosion,wind"
mixed_0431.wav,"self,wind,explosion"
mixed_0292.wav,"speech,shahed"
mixed_0145.wav,"self,siren,shahed"
mixed_0323.wav,"shahed,siren"
mixed_2108.wav,"self,shahed,speech"
mixed_1165.wav,"speech,wind"
mixed_1452.wav,"self,speech"
mixed_0002.wav,"self,wind"
mixed_0576.wav,"speech,self,wind"
mixed_2657.wav,"siren,shahed,self"
mixed_0339.wav,"shahed,speech"
mixed_2539.wav,"self,explosion,speech"
mixed_2935.wav,"explosion,shahed,speech"
mixed_0925.wav,"siren,self,explosion"
mixed_0265.wav,"wind,self"
mixed_0376.wav,"siren,self,speech"
mixed_2022.wav,"speech,self,wind"
mixed_1463.wav,"shahed,self"
mixed_0271.wav,"siren,explosion"
mixed_0696.wav,"explosion,speech"
mixed_2973.wav,"shahed,speech"
mixed_0244.wav,"siren,speech"
mixed_2813.wav,"siren,self"
mixed_0476.wav,"shahed,self"
mixed_2785.wav,"siren,explosion"
mixed_2843.wav,"shahed,explosion"
mixed_2298.wav,"shahed,self,wind"
mixed_2448.wav,"speech,explosion"
mixed_2783.wav,"self,explosion,speech"
mixed_2953.wav,"explosion,self,shahed"
mixed_2982.wav,"self,speech,shahed"
mixed_2159.wav,"shahed,siren"
mixed_0250.wav,"shahed,wind,self"
mixed_0413.wav,"speech,shahed,siren"
mixed_0545.wav,"wind,explosion"
mixed_1193.wav,"speech,wind,shahed"
mixed_0738.wav,"wind,siren"
mixed_0310.wav,"siren,self,wind"
mixed_1979.wav,"explosion,shahed"
mixed_0893.wav,"wind,siren,self"
mixed_1131.wav,"self,wind,explosion"
mixed_1449.wav,"shahed,speech,wind"
mixed_2907.wav,"wind,siren"
mixed_0015.wav,"siren,self"
mixed_1950.wav,"explosion,shahed"
mixed_0721.wav,"shahed,wind"
mixed_1420.wav,"self,wind"
mixed_2633.wav,"shahed,siren"
mixed_0981.wav,"speech,self,wind"
mixed_1874.wav,"siren,wind"
mixed_1539.wav,"siren,explosion,shahed"
mixed_2530.wav,"siren,shahed,speech"
mixed_1550.wav,"siren,self"
mixed_2422.wav,"explosion,wind,speech"
mixed_0363.wav,"explosion,siren"
mixed_2768.wav,"siren,wind,speech"
mixed_0182.wav,"explosion,wind,self"
mixed_0985.wav,"siren,explosion,wind"
mixed_1990.wav,"shahed,wind"
mixed_1194.wav,"self,siren"
mixed_1769.wav,"siren,shahed"
mixed_1675.wav,"explosion,wind"
mixed_1121.wav,"self,speech"
mixed_0187.wav,"siren,speech"
mixed_0619.wav,"explosion,speech"
mixed_1612.wav,"explosion,speech"
mixed_1175.wav,"wind,shahed,explosion"
mixed_1182.wav,"shahed,siren"
mixed_2384.wav,"speech,shahed"
mixed_2715.wav,"shahed,explosion,siren"
mixed_0614.wav,"shahed,wind"
mixed_1513.wav,"speech,explosion"
mixed_1466.wav,"explosion,siren,speech"
mixed_0401.wav,"shahed,wind,siren"
mixed_0994.wav,"wind,siren,self"
mixed_0934.wav,"wind,shahed"
mixed_0371.wav,"wind,siren,explosion"
mixed_1922.wav,"self,wind,shahed"
mixed_2306.wav,"self,speech"
mixed_0593.wav,"speech,self,explosion"
mixed_1910.wav,"shahed,wind,speech"
mixed_0726.wav,"speech,siren"
mixed_0826.wav,"siren,wind"
mixed_1674.wav,"shahed,explosion"
mixed_0687.wav,"siren,explosion,speech"
mixed_2215.wav,"self,shahed"
mixed_0136.wav,"explosion,self"
mixed_2764.wav,"shahed,explosion"
mixed_0628.wav,"explosion,siren,shahed"
mixed_0334.wav,"self,speech,siren"
mixed_0390.wav,"speech,shahed"
mixed_2309.wav,"self,siren,shahed"
mixed_1109.wav,"shahed,explosion"
mixed_1737.wav,"speech,siren,self"
mixed_2698.wav,"explosion,speech"
mixed_0710.wav,"speech,explosion,siren"
mixed_1039.wav,"siren,self"
mixed_2714.wav,"self,shahed,wind"
mixed_1850.wav,"explosion,shahed,siren"
mixed_2595.wav,"wind,explosion,speech"
mixed_1561.wav,"wind,explosion"
mixed_2757.wav,"speech,wind"
mixed_1594.wav,"explosion,speech,wind"
mixed_2750.wav,"self,speech"
mixed_1112.wav,"explosion,self,siren"
mixed_0465.wav,"siren,explosion"
mixed_1560.wav,"explosion,siren"
mixed_1223.wav,"self,explosion,shahed"
mixed_1953.wav,"siren,shahed"
mixed_2966.wav,"explosion,speech,shahed"
mixed_2348.wav,"shahed,self,explosion"
mixed_1508.wav,"siren,explosion"
mixed_1104.wav,"speech,explosion,shahed"
mixed_1988.wav,"shahed,siren,explosion"
mixed_0338.wav,"speech,explosion,siren"
mixed_0215.wav,"siren,speech,wind"
mixed_1615.wav,"wind,self"
mixed_1916.wav,"explosion,self,shahed"
mixed_2514.wav,"shahed,self"
mixed_2804.wav,"self,speech"
mixed_1592.wav,"self,siren,wind"
mixed_2240.wav,"self,wind"
mixed_1684.wav,"wind,self,speech"
mixed_2522.wav,"explosion,self,siren"
mixed_0816.wav,"shahed,speech"
mixed_1067.wav,"shahed,speech,self"
mixed_2003.wav,"speech,wind"
mixed_0274.wav,"self,explosion"
mixed_2244.wav,"shahed,speech"
mixed_0865.wav,"speech,shahed,wind"
mixed_0101.wav,"siren,explosion"
mixed_1501.wav,"wind,speech,shahed"
mixed_2149.wav,"self,wind,explosion"
mixed_0171.wav,"shahed,explosion,wind"
mixed_0107.wav,"siren,explosion,self"
mixed_1862.wav,"speech,shahed"
mixed_1521.wav,"siren,speech,wind"
mixed_2987.wav,"siren,speech,explosion"
mixed_2202.wav,"wind,speech,siren"
mixed_2054.wav,"speech,siren"
mixed_1764.wav,"wind,speech,explosion"
mixed_2033.wav,"shahed,explosion,wind"
mixed_1962.wav,"self,shahed"
mixed_2250.wav,"explosion,siren"
mixed_2340.wav,"self,siren"
mixed_2575.wav,"explosion,speech,wind"
mixed_1924.wav,"siren,explosion"
mixed_0295.wav,"self,wind,explosion"
mixed_0712.wav,"siren,shahed,self"
mixed_0072.wav,"self,shahed"
mixed_1952.wav,"explosion,shahed,speech"
mixed_2269.wav,"speech,shahed"
mixed_2561.wav,"shahed,speech"
mixed_2885.wav,"siren,explosion,self"
mixed_0481.wav,"explosion,shahed"
mixed_2218.wav,"speech,self,siren"
mixed_1530.wav,"self,wind,shahed"
mixed_2115.wav,"siren,explosion"
mixed_1514.wav,"shahed,speech,explosion"
mixed_2960.wav,"siren,shahed"
mixed_1490.wav,"siren,wind"
mixed_1171.wav,"shahed,siren,wind"
mixed_2452.wav,"wind,siren,explosion"
mixed_2429.wav,"siren,explosion"
mixed_2073.wav,"explosion,speech"
mixed_2216.wav,"speech,wind"
mixed_2271.wav,"siren,shahed,explosion"
mixed_0405.wav,"siren,speech,shahed"
mixed_0757.wav,"shahed,self"
mixed_1956.wav,"speech,wind,self"
mixed_2184.wav,"shahed,explosion,siren"
mixed_1951.wav,"speech,shahed,self"
mixed_0097.wav,"self,wind,explosion"
mixed_1333.wav,"siren,speech"
mixed_2389.wav,"explosion,wind,self"
mixed_0743.wav,"wind,speech,explosion"
mixed_0806.wav,"speech,self,explosion"
mixed_2769.wav,"shahed,wind"
mixed_1896.wav,"wind,shahed,explosion"
mixed_2499.wav,"self,speech"
mixed_1535.wav,"shahed,siren"
mixed_2050.wav,"shahed,wind,siren"
mixed_2010.wav,"explosion,self"
mixed_0148.wav,"wind,speech"
mixed_2554.wav,"siren,speech"
mixed_2053.wav,"shahed,explosion,self"
mixed_1902.wav,"siren,shahed,speech"
mixed_1315.wav,"wind,shahed"
mixed_0692.wav,"self,speech,siren"
mixed_0818.wav,"self,shahed"
mixed_1728.wav,"explosion,wind,self"
mixed_1386.wav,"siren,self"
mixed_2281.wav,"explosion,speech,self"
mixed_2733.wav,"siren,shahed"
mixed_1599.wav,"shahed,speech,self"
mixed_2610.wav,"speech,self"
mixed_2457.wav,"self,shahed,wind"
mixed_0701.wav,"speech,shahed,explosion"
mixed_1878.wav,"explosion,self"
mixed_2656.wav,"wind,speech"
mixed_0921.wav,"speech,wind,self"
mixed_1424.wav,"shahed,explosion,siren"
mixed_1708.wav,"wind,siren"
mixed_0905.wav,"speech,wind,shahed"
mixed_0454.wav,"speech,shahed"
mixed_2185.wav,"siren,wind"
mixed_2304.wav,"wind,explosion"
mixed_1771.wav,"speech,explosion,siren"
mixed_0167.wav,"siren,self"
mixed_0730.wav,"siren,self,speech"
mixed_2188.wav,"speech,shahed"
mixed_1310.wav,"shahed,speech"
mixed_0026.wav,"speech,self,wind"
mixed_2059.wav,"wind,shahed,siren"
mixed_1652.wav,"shahed,self,speech"
mixed_1622.wav,"wind,shahed"
mixed_0587.wav,"wind,speech,shahed"
mixed_2016.wav,"speech,self,shahed"
mixed_0997.wav,"shahed,explosion,siren"
mixed_1176.wav,"explosion,siren,shahed"
mixed_1700.wav,"shahed,explosion,wind"
mixed_1040.wav,"explosion,wind"
mixed_0033.wav,"speech,explosion,wind"
mixed_1809.wav,"siren,self,wind"
mixed_2626.wav,"shahed,siren,self"
mixed_1379.wav,"shahed,wind"
mixed_0041.wav,"self,explosion"
mixed_1791.wav,"wind,siren,self"
mixed_2189.wav,"wind,speech,explosion"
mixed_2606.wav,"self,wind"
mixed_1972.wav,"self,speech"
mixed_2289.wav,"self,siren,wind"
mixed_1925.wav,"self,explosion"
mixed_0609.wav,"speech,wind"
mixed_1132.wav,"shahed,explosion,self"
mixed_0028.wav,"wind,speech,explosion"
mixed_0441.wav,"speech,self,wind"
mixed_2355.wav,"siren,self,wind"
mixed_2798.wav,"shahed,wind,explosion"
mixed_0493.wav,"siren,self,wind"
mixed_1258.wav,"explosion,self"
mixed_1301.wav,"shahed,explosion,self"
mixed_2365.wav,"explosion,self,speech"
mixed_1382.wav,"explosion,self"
mixed_1304.wav,"siren,shahed"
mixed_0236.wav,"wind,self"
mixed_0551.wav,"wind,explosion,speech"
mixed_0520.wav,"speech,shahed,explosion"
mixed_2446.wav,"wind,explosion"
mixed_1232.wav,"self,wind,shahed"
mixed_1138.wav,"self,siren,wind"
mixed_0720.wav,"shahed,explosion"
mixed_0735.wav,"siren,wind,self"
mixed_2653.wav,"shahed,explosion"
mixed_1750.wav,"self,explosion,wind"
mixed_0058.wav,"siren,shahed"
mixed_0631.wav,"siren,self"
mixed_1181.wav,"self,speech"
mixed_2203.wav,"self,wind,shahed"
mixed_0592.wav,"self,wind"
mixed_1303.wav,"self,shahed,speech"
mixed_1387.wav,"shahed,wind"
mixed_2615.wav,"speech,shahed,explosion"
mixed_2630.wav,"self,shahed"
mixed_1845.wav,"speech,self"
mixed_0939.wav,"siren,shahed"
mixed_2788.wav,"self,speech,wind"
mixed_1249.wav,"siren,self,speech"
mixed_0904.wav,"wind,speech,explosion"
mixed_2543.wav,"self,explosion"
mixed_1279.wav,"self,speech,explosion"
mixed_2402.wav,"siren,speech"
mixed_2959.wav,"explosion,wind,siren"
mixed_2126.wav,"explosion,shahed"
mixed_2387.wav,"self,speech,siren"
mixed_2042.wav,"siren,shahed"
mixed_1142.wav,"shahed,siren,speech"
mixed_2381.wav,"shahed,speech"
mixed_0706.wav,"speech,siren"
mixed_2641.wav,"wind,explosion"
mixed_1022.wav,"explosion,wind"
mixed_0745.wav,"wind,shahed,explosion"
mixed_1546.wav,"speech,shahed"
mixed_2357.wav,"self,shahed"
mixed_2046.wav,"shahed,explosion,siren"
mixed_0513.wav,"shahed,wind,self"
mixed_0081.wav,"shahed,siren"
mixed_2661.wav,"self,wind"
mixed_1308.wav,"siren,self"
mixed_2495.wav,"shahed,explosion"
mixed_0914.wav,"speech,siren"
mixed_1404.wav,"wind,self"
mixed_1647.wav,"siren,speech,self"
mixed_2760.wav,"explosion,siren"
mixed_1108.wav,"self,explosion,siren"
mixed_0150.wav,"explosion,wind"
mixed_2726.wav,"siren,speech,explosion"
mixed_0774.wav,"siren,explosion,self"
mixed_0329.wav,"speech,explosion,self"
mixed_0006.wav,"shahed,wind"
mixed_0943.wav,"siren,wind,shahed"
mixed_0822.wav,"speech,wind"
mixed_0734.wav,"wind,speech,self"
mixed_0909.wav,"siren,explosion"
mixed_0468.wav,"wind,speech"
mixed_0181.wav,"siren,explosion"
mixed_0164.wav,"self,wind"
mixed_1523.wav,"explosion,siren"
mixed_0451.wav,"wind,siren,self"
mixed_0490.wav,"wind,self"
mixed_2004.wav,"shahed,explosion,speech"
mixed_1143.wav,"explosion,shahed,speech"
mixed_1311.wav,"siren,self,speech"
mixed_2242.wav,"shahed,wind,explosion"
mixed_1111.wav,"explosion,siren"
mixed_2854.wav,"explosion,wind"
mixed_1977.wav,"siren,shahed,self"
mixed_1441.wav,"self,siren,wind"
mixed_1889.wav,"wind,shahed"
mixed_1006.wav,"siren,shahed"
mixed_1627.wav,"siren,speech"
mixed_1632.wav,"speech,shahed"
mixed_1074.wav,"explosion,wind,self"
mixed_0578.wav,"shahed,siren"
mixed_2727.wav,"explosion,self,shahed"
mixed_2345.wav,"wind,speech,self"
mixed_2263.wav,"explosion,siren,wind"
mixed_2302.wav,"shahed,siren"
mixed_0327.wav,"explosion,wind,speech"
mixed_1790.wav,"shahed,self"
mixed_0442.wav,"speech,shahed,explosion"
mixed_1858.wav,"self,siren,wind"
mixed_2170.wav,"speech,explosion,self"
mixed_2832.wav,"speech,siren"
mixed_0832.wav,"speech,shahed"
mixed_2374.wav,"shahed,siren"
mixed_2103.wav,"siren,speech,wind"
mixed_1414.wav,"explosion,speech,shahed"
mixed_1201.wav,"explosion,siren,shahed"
mixed_2314.wav,"explosion,wind,shahed"
mixed_1499.wav,"shahed,siren"
mixed_2877.wav,"self,siren,speech"
mixed_0086.wav,"shahed,wind"
mixed_1403.wav,"wind,shahed,explosion"
mixed_2926.wav,"self,shahed"
mixed_1481.wav,"shahed,explosion,self"
mixed_0777.wav,"self,siren"
mixed_0799.wav,"shahed,explosion,siren"
mixed_1666.wav,"wind,self"
mixed_0054.wav,"siren,explosion,shahed"
mixed_2362.wav,"siren,explosion"
mixed_1287.wav,"siren,shahed,wind"
mixed_1667.wav,"shahed,wind,siren"
mixed_2586.wav,"siren,explosion"
mixed_2154.wav,"explosion,shahed,speech"
mixed_1701.wav,"self,shahed"
mixed_1245.wav,"siren,shahed"
mixed_0113.wav,"self,explosion"
mixed_2806.wav,"explosion,wind,self"
mixed_0987.wav,"explosion,siren"
mixed_0501.wav,"self,speech"
mixed_2891.wav,"explosion,siren,self"
mixed_1009.wav,"shahed,explosion"
mixed_1198.wav,"speech,wind"
mixed_1394.wav,"siren,shahed,explosion"
mixed_0589.wav,"siren,self"
mixed_0768.wav,"explosion,shahed"
mixed_0017.wav,"wind,explosion,speech"
mixed_1042.wav,"speech,explosion,siren"
mixed_1447.wav,"shahed,explosion,wind"
mixed_2463.wav,"speech,wind"
mixed_0285.wav,"speech,siren,wind"
mixed_2638.wav,"shahed,siren,self"
mixed_0428.wav,"self,speech"
mixed_1328.wav,"explosion,speech"
mixed_1948.wav,"wind,siren"
mixed_0669.wav,"wind,siren"
mixed_0031.wav,"shahed,speech"
mixed_1341.wav,"self,wind"
mixed_0722.wav,"siren,self,shahed"
mixed_0951.wav,"speech,siren"
mixed_1914.wav,"explosion,siren,wind"
mixed_2293.wav,"siren,shahed,wind"
mixed_0214.wav,"speech,shahed"
mixed_0989.wav,"siren,explosion"
mixed_1164.wav,"siren,wind"
mixed_2792.wav,"explosion,self,siren"
mixed_2005.wav,"explosion,self,speech"
mixed_0326.wav,"explosion,shahed,speech"
mixed_0560.wav,"siren,self,explosion"
mixed_1383.wav,"self,speech"
mixed_1724.wav,"explosion,siren,shahed"
mixed_1086.wav,"wind,shahed,self"
mixed_2683.wav,"siren,wind"
mixed_0341.wav,"shahed,self"
mixed_1653.wav,"speech,shahed,siren"
mixed_0147.wav,"speech,siren,explosion"
mixed_2339.wav,"explosion,wind"
mixed_2412.wav,"self,explosion,speech"
mixed_1107.wav,"speech,wind"
mixed_0848.wav,"wind,self,explosion"
mixed_0966.wav,"explosion,shahed,self"
mixed_1072.wav,"self,explosion,shahed"
mixed_2464.wav,"wind,explosion,self"
mixed_1905.wav,"shahed,wind,siren"
mixed_0155.wav,"explosion,self"
mixed_0665.wav,"siren,self,wind"
mixed_0661.wav,"speech,self"
mixed_1002.wav,"shahed,speech"
mixed_2341.wav,"wind,explosion"
mixed_2516.wav,"shahed,siren,self"
mixed_0176.wav,"speech,siren,wind"
mixed_2654.wav,"shahed,self,speech"
mixed_1879.wav,"shahed,wind"
mixed_1524.wav,"siren,self"
mixed_2817.wav,"speech,explosion,wind"
mixed_1203.wav,"shahed,wind"
mixed_0024.wav,"speech,wind,explosion"
mixed_2810.wav,"self,explosion"
mixed_2809.wav,"siren,wind"
mixed_2077.wav,"self,explosion"
mixed_2299.wav,"self,explosion"
mixed_0875.wav,"shahed,explosion,siren"
mixed_2899.wav,"self,shahed,explosion"
mixed_0938.wav,"siren,shahed"
mixed_2697.wav,"speech,shahed"
mixed_1552.wav,"self,explosion"
mixed_0346.wav,"self,explosion"
mixed_2507.wav,"explosion,shahed,wind"
mixed_2971.wav,"self,speech,shahed"
mixed_2037.wav,"speech,siren,explosion"
mixed_1926.wav,"wind,speech,siren"
mixed_0385.wav,"siren,shahed,explosion"
mixed_1829.wav,"wind,self,siren"
mixed_2161.wav,"wind,explosion,shahed"
mixed_2508.wav,"shahed,self,explosion"
mixed_2196.wav,"wind,siren"
mixed_0243.wav,"speech,explosion,wind"
mixed_2086.wav,"self,wind"
mixed_1826.wav,"explosion,speech,siren"
mixed_0936.wav,"speech,self,shahed"
mixed_1689.wav,"wind,shahed"
mixed_2580.wav,"shahed,speech,wind"
mixed_0312.wav,"wind,self"
mixed_1459.wav,"speech,shahed"
mixed_2925.wav,"siren,explosion"
mixed_2107.wav,"siren,shahed,explosion"
mixed_1332.wav,"wind,self,siren"
mixed_0968.wav,"wind,explosion,shahed"
mixed_1454.wav,"wind,siren,explosion"
mixed_0660.wav,"siren,shahed"
mixed_1934.wav,"siren,explosion"
mixed_0935.wav,"self,explosion,speech"
mixed_0370.wav,"wind,siren"
mixed_0566.wav,"explosion,shahed"
mixed_1973.wav,"shahed,wind"
mixed_1854.wav,"shahed,speech,wind"
mixed_1024.wav,"shahed,explosion"
mixed_0824.wav,"shahed,explosion,siren"
mixed_0982.wav,"wind,speech,self"
mixed_2672.wav,"wind,shahed,siren"
mixed_2956.wav,"siren,self"
mixed_1645.wav,"self,speech"
mixed_2582.wav,"siren,wind"
mixed_2245.wav,"explosion,wind,siren"
mixed_2118.wav,"wind,siren"
mixed_0813.wav,"wind,siren,explosion"
mixed_1792.wav,"wind,explosion"
mixed_1430.wav,"speech,explosion"
mixed_0778.wav,"shahed,wind,siren"
mixed_1749.wav,"shahed,explosion"
mixed_1320.wav,"explosion,speech"
mixed_2399.wav,"speech,shahed,self"
mixed_2871.wav,"explosion,self"
mixed_1052.wav,"explosion,self,wind"
mixed_2321.wav,"explosion,self"
mixed_1013.wav,"siren,explosion,shahed"
mixed_1928.wav,"self,wind,siren"
mixed_1401.wav,"self,explosion"
mixed_1822.wav,"self,siren,explosion"
mixed_2247.wav,"wind,self,siren"
mixed_2493.wav,"wind,explosion"
mixed_2591.wav,"self,wind,explosion"
mixed_0126.wav,"explosion,wind,siren"
mixed_2091.wav,"siren,explosion"
mixed_2134.wav,"explosion,wind,speech"
mixed_0887.wav,"shahed,siren,self"
mixed_2456.wav,"explosion,speech,shahed"
mixed_1347.wav,"self,speech"
mixed_1007.wav,"explosion,self"
mixed_0355.wav,"shahed,explosion"
mixed_1003.wav,"self,siren,speech"
mixed_1483.wav,"siren,explosion"
mixed_0682.wav,"wind,self,speech"
mixed_0827.wav,"shahed,siren,wind"
mixed_2850.wav,"explosion,speech"
mixed_2204.wav,"shahed,explosion,self"
mixed_2691.wav,"self,explosion"
mixed_0984.wav,"siren,self,wind"
mixed_1233.wav,"shahed,explosion,speech"
mixed_2553.wav,"speech,self"
mixed_1639.wav,"shahed,self,siren"
mixed_0140.wav,"wind,explosion"
mixed_0217.wav,"siren,self"
mixed_2465.wav,"siren,speech,self"
mixed_0362.wav,"wind,shahed"
mixed_2664.wav,"shahed,wind,explosion"
mixed_0345.wav,"speech,wind"
mixed_2058.wav,"shahed,speech"
mixed_0022.wav,"explosion,shahed,self"
mixed_0711.wav,"explosion,self,speech"
mixed_2949.wav,"wind,shahed"
mixed_0010.wav,"shahed,explosion"
mixed_2416.wav,"wind,explosion"
mixed_1834.wav,"shahed,explosion,self"
mixed_0793.wav,"explosion,self,shahed"
mixed_2765.wav,"siren,wind,self"
mixed_0094.wav,"siren,shahed,speech"
mixed_0129.wav,"siren,shahed"
mixed_1900.wav,"siren,wind"
mixed_2409.wav,"siren,explosion,self"
mixed_1932.wav,"siren,speech,self"
mixed_2669.wav,"shahed,speech,explosion"
mixed_1865.wav,"wind,explosion,siren"
mixed_1658.wav,"self,explosion,wind"
mixed_0516.wav,"speech,explosion,self"
mixed_1857.wav,"shahed,speech"
mixed_1277.wav,"shahed,self"
mixed_0950.wav,"explosion,shahed"
mixed_1120.wav,"wind,explosion,self"
mixed_0419.wav,"explosion,speech"
mixed_0922.wav,"siren,explosion"
mixed_2728.wav,"self,siren"
mixed_0477.wav,"speech,shahed"
mixed_2035.wav,"self,wind"
mixed_2177.wav,"self,siren,wind"
mixed_1692.wav,"explosion,wind,self"
mixed_2212.wav,"self,speech"
mixed_1471.wav,"siren,speech"
mixed_1202.wav,"explosion,siren,self"
mixed_1669.wav,"siren,shahed"
mixed_2774.wav,"speech,siren"
mixed_1970.wav,"wind,siren,speech"
mixed_0820.wav,"self,wind,speech"
mixed_1997.wav,"self,speech"
mixed_2868.wav,"siren,speech"
mixed_1248.wav,"self,shahed,siren"
mixed_2872.wav,"explosion,shahed,self"
mixed_2649.wav,"explosion,shahed"
mixed_1046.wav,"shahed,wind"
mixed_1888.wav,"wind,shahed,self"
mixed_0615.wav,"speech,wind,explosion"
mixed_1318.wav,"shahed,explosion,speech"
mixed_2884.wav,"siren,self,explosion"
mixed_2460.wav,"wind,speech"
mixed_1772.wav,"shahed,siren,speech"
mixed_2951.wav,"speech,self,wind"
mixed_0131.wav,"self,explosion,wind"
mixed_0077.wav,"wind,speech,self"
mixed_2052.wav,"explosion,wind"
mixed_0724.wav,"siren,self"
mixed_1314.wav,"wind,self,explosion"
mixed_1851.wav,"explosion,speech"
mixed_2296.wav,"siren,self"
mixed_2486.wav,"shahed,wind"
mixed_1372.wav,"wind,speech"
mixed_1855.wav,"shahed,siren"
mixed_1319.wav,"shahed,speech,wind"
mixed_2874.wav,"wind,self,shahed"
mixed_2171.wav,"self,speech"
mixed_0375.wav,"shahed,explosion"
mixed_1908.wav,"speech,siren,self"
mixed_0333.wav,"wind,self"
mixed_2251.wav,"shahed,wind"
mixed_2736.wav,"siren,shahed"
mixed_1604.wav,"explosion,speech,shahed"
mixed_1118.wav,"explosion,wind,speech"
mixed_2828.wav,"speech,self,wind"
mixed_1943.wav,"speech,self"
mixed_2261.wav,"self,shahed"
mixed_2549.wav,"shahed,speech"
mixed_1342.wav,"shahed,explosion"
mixed_0320.wav,"siren,wind"
mixed_1619.wav,"speech,wind"
mixed_2447.wav,"shahed,wind"
mixed_2060.wav,"siren,self"
mixed_1673.wav,"explosion,siren"
mixed_1942.wav,"wind,speech"
mixed_0260.wav,"self,wind"
mixed_2354.wav,"wind,siren,shahed"
mixed_2039.wav,"self,siren,speech"
mixed_0689.wav,"self,shahed,speech"
mixed_0901.wav,"siren,explosion"
mixed_2026.wav,"speech,siren,shahed"
mixed_0138.wav,"speech,siren,explosion"
mixed_1917.wav,"siren,explosion"
mixed_1828.wav,"explosion,self,speech"
mixed_1573.wav,"speech,self"
mixed_0319.wav,"shahed,speech"
mixed_0653.wav,"siren,self"
mixed_2137.wav,"self,speech"
mixed_2322.wav,"self,explosion"
mixed_0558.wav,"shahed,wind,self"
mixed_0112.wav,"self,speech"
mixed_0531.wav,"shahed,wind,explosion"
mixed_0224.wav,"wind,siren,self"
mixed_0723.wav,"speech,explosion,shahed"
mixed_2428.wav,"speech,shahed,siren"
mixed_2570.wav,"wind,explosion"
mixed_1433.wav,"speech,wind,siren"
mixed_2329.wav,"shahed,speech,siren"
mixed_1458.wav,"speech,shahed"
mixed_2701.wav,"shahed,wind"
mixed_0846.wav,"siren,explosion,speech"
mixed_0193.wav,"wind,shahed"
mixed_1464.wav,"siren,explosion,self"
mixed_0946.wav,"siren,explosion,self"
mixed_2021.wav,"wind,speech"
mixed_1629.wav,"self,siren"
mixed_0117.wav,"siren,self,wind"
mixed_0645.wav,"wind,speech"
mixed_1870.wav,"speech,explosion,siren"
mixed_0003.wav,"explosion,speech"
mixed_0074.wav,"siren,self,shahed"
mixed_1755.wav,"siren,speech"
mixed_0467.wav,"speech,shahed,siren"
mixed_0005.wav,"shahed,explosion,wind"
mixed_1246.wav,"speech,explosion"
mixed_0919.wav,"shahed,siren"
mixed_0228.wav,"self,explosion"
mixed_1063.wav,"speech,wind"
mixed_0242.wav,"wind,siren"
mixed_2279.wav,"self,siren,explosion"
mixed_1160.wav,"speech,explosion,shahed"
mixed_2513.wav,"self,explosion"
mixed_1526.wav,"explosion,self,wind"
mixed_1605.wav,"siren,explosion,shahed"
mixed_2784.wav,"wind,shahed"
mixed_2666.wav,"siren,wind"
mixed_2665.wav,"shahed,explosion"
mixed_1989.wav,"siren,wind"
mixed_2609.wav,"wind,explosion,shahed"
mixed_1975.wav,"shahed,wind"
mixed_1761.wav,"siren,speech"
mixed_1305.wav,"explosion,speech,wind"
mixed_1541.wav,"self,siren"
mixed_0622.wav,"shahed,explosion,siren"
mixed_2313.wav,"speech,siren,shahed"
mixed_1493.wav,"speech,self,shahed"
mixed_0110.wav,"speech,siren,self"
mixed_2487.wav,"wind,self"
mixed_1169.wav,"speech,shahed"
mixed_2461.wav,"speech,siren"
mixed_0232.wav,"shahed,siren,explosion"
mixed_0066.wav,"self,shahed,wind"
mixed_2707.wav,"explosion,shahed"
mixed_2072.wav,"wind,self,speech"
mixed_2192.wav,"self,speech,wind"
mixed_0536.wav,"self,explosion"
mixed_0125.wav,"shahed,self,speech"
mixed_2133.wav,"explosion,wind,self"
mixed_1254.wav,"explosion,speech"
mixed_2484.wav,"self,wind,explosion"
mixed_1976.wav,"speech,shahed,explosion"
mixed_2462.wav,"wind,self"
mixed_2488.wav,"siren,explosion"
mixed_2075.wav,"shahed,speech,wind"
mixed_0484.wav,"siren,speech"
mixed_1654.wav,"speech,wind,self"
mixed_2676.wav,"shahed,self"
mixed_2550.wav,"speech,wind,shahed"
mixed_2405.wav,"explosion,self,shahed"
mixed_1774.wav,"wind,shahed,self"
mixed_0918.wav,"self,explosion,shahed"
mixed_1646.wav,"wind,siren,self"
mixed_1026.wav,"siren,explosion"
mixed_1030.wav,"speech,wind"
mixed_0882.wav,"self,explosion"
mixed_1335.wav,"shahed,explosion,wind"
mixed_2222.wav,"speech,shahed"
mixed_0364.wav,"self,siren,explosion"
mixed_2125.wav,"shahed,wind"
mixed_0027.wav,"shahed,siren,explosion"
mixed_0473.wav,"wind,explosion,siren"
mixed_0525.wav,"wind,self"
mixed_0725.wav,"siren,wind,self"
mixed_0055.wav,"self,shahed,wind"
mixed_0638.wav,"siren,speech"
mixed_0302.wav,"wind,explosion"
mixed_2608.wav,"self,speech"
mixed_1276.wav,"speech,self,shahed"
mixed_2635.wav,"siren,explosion"
mixed_0624.wav,"siren,speech,self"
mixed_2055.wav,"shahed,wind,self"
mixed_1280.wav,"speech,shahed"
mixed_1049.wav,"shahed,explosion"
mixed_0336.wav,"self,speech"
mixed_0047.wav,"self,wind,explosion"
mixed_0106.wav,"self,speech,wind"
mixed_1079.wav,"speech,wind"
mixed_1144.wav,"siren,speech,shahed"
mixed_2440.wav,"wind,siren"
mixed_1836.wav,"explosion,speech"
mixed_1753.wav,"self,explosion,shahed"
mixed_1101.wav,"speech,siren,wind"
mixed_1968.wav,"siren,explosion,speech"
mixed_0523.wav,"speech,wind"
mixed_1428.wav,"explosion,self"
mixed_2607.wav,"siren,speech"
mixed_0603.wav,"explosion,wind,self"
mixed_1489.wav,"self,shahed"
mixed_2351.wav,"shahed,explosion"
mixed_0060.wav,"shahed,explosion,speech"
mixed_2749.wav,"self,siren,wind"
mixed_0671.wav,"self,siren,shahed"
mixed_0092.wav,"wind,self"
mixed_0666.wav,"self,wind,speech"
mixed_1887.wav,"wind,speech"
mixed_0280.wav,"explosion,speech,siren"
mixed_1719.wav,"speech,self,explosion"
mixed_0359.wav,"shahed,explosion,self"
mixed_0899.wav,"self,explosion"
mixed_1935.wav,"siren,self"
mixed_1994.wav,"wind,explosion,speech"
mixed_2312.wav,"explosion,siren"
mixed_0760.wav,"shahed,siren"
mixed_2158.wav,"self,siren,shahed"
mixed_2622.wav,"wind,self"
mixed_0042.wav,"explosion,self,shahed"
mixed_2173.wav,"self,explosion,siren"
mixed_0204.wav,"explosion,shahed,wind"
mixed_1473.wav,"siren,shahed,speech"
mixed_2100.wav,"shahed,self"
mixed_0068.wav,"wind,self"
mixed_1875.wav,"shahed,wind,self"
mixed_2379.wav,"self,speech"
mixed_2231.wav,"wind,explosion"
mixed_0137.wav,"speech,wind"
mixed_0796.wav,"wind,explosion"
mixed_2180.wav,"speech,self"
mixed_2128.wav,"self,speech,siren"
mixed_0758.wav,"wind,explosion,shahed"
mixed_0541.wav,"shahed,speech,siren"
mixed_1019.wav,"siren,self,shahed"
mixed_2288.wav,"self,shahed"
mixed_0165.wav,"explosion,self"
mixed_0248.wav,"self,explosion,shahed"
mixed_1331.wav,"explosion,shahed,speech"
mixed_2017.wav,"siren,wind,shahed"
mixed_0446.wav,"siren,speech,self"
mixed_1358.wav,"wind,siren"
mixed_2145.wav,"siren,explosion"
mixed_1329.wav,"explosion,self,shahed"
mixed_2910.wav,"speech,explosion,wind"
mixed_2150.wav,"siren,speech,shahed"
mixed_0434.wav,"self,wind"
mixed_2122.wav,"wind,siren,shahed"
mixed_0577.wav,"shahed,siren,self"
mixed_2984.wav,"speech,shahed"
mixed_2741.wav,"self,explosion"
mixed_1848.wav,"shahed,explosion,siren"
mixed_0762.wav,"siren,wind,self"
mixed_0388.wav,"explosion,speech,shahed"
mixed_0235.wav,"speech,explosion"
mixed_2605.wav,"siren,wind,shahed"
mixed_1984.wav,"explosion,self,siren"
mixed_0267.wav,"siren,wind,self"
mixed_0770.wav,"explosion,wind"
mixed_2165.wav,"shahed,wind,siren"
mixed_0437.wav,"speech,self"
mixed_0673.wav,"explosion,speech"
mixed_0249.wav,"wind,speech"
mixed_2201.wav,"shahed,siren,explosion"
mixed_1574.wav,"wind,shahed,explosion"
mixed_2142.wav,"siren,speech"
mixed_2081.wav,"shahed,wind"
mixed_2617.wav,"self,siren,speech"
mixed_2903.wav,"self,shahed,explosion"
mixed_2739.wav,"self,speech"
mixed_0448.wav,"wind,siren,shahed"
mixed_1469.wav,"self,wind,explosion"
mixed_0716.wav,"self,siren"
mixed_2398.wav,"speech,explosion,wind"
mixed_2614.wav,"explosion,wind,shahed"
mixed_2048.wav,"wind,speech"
mixed_1901.wav,"explosion,speech,wind"
mixed_1168.wav,"shahed,wind,siren"
mixed_0082.wav,"wind,shahed"
mixed_2424.wav,"shahed,siren"
mixed_1460.wav,"explosion,siren"
mixed_1893.wav,"shahed,wind"
mixed_1668.wav,"siren,wind,speech"
mixed_2000.wav,"wind,self,shahed"
mixed_0475.wav,"speech,self"
mixed_0517.wav,"wind,shahed"
mixed_0404.wav,"wind,siren,speech"
mixed_0384.wav,"wind,shahed"
mixed_2981.wav,"siren,self"
mixed_2152.wav,"explosion,shahed"
mixed_1633.wav,"speech,self"
mixed_2859.wav,"explosion,self"
mixed_0688.wav,"siren,self,shahed"
mixed_1240.wav,"self,siren"
mixed_0062.wav,"explosion,self,speech"
mixed_0852.wav,"explosion,speech"
mixed_2751.wav,"explosion,siren"
mixed_2476.wav,"siren,self"
mixed_1262.wav,"speech,self,explosion"
mixed_0223.wav,"explosion,wind,speech"
mixed_2193.wav,"speech,shahed,siren"
mixed_0373.wav,"explosion,speech,self"
mixed_1824.wav,"shahed,self"
mixed_2536.wav,"explosion,speech"
mixed_2869.wav,"wind,shahed,explosion"
mixed_2597.wav,"wind,siren"
mixed_2684.wav,"siren,wind,shahed"
mixed_0009.wav,"shahed,self,siren"
mixed_1944.wav,"siren,shahed"
mixed_1838.wav,"shahed,speech,explosion"
mixed_0708.wav,"wind,siren,shahed"
mixed_0255.wav,"siren,shahed,wind"
mixed_1617.wav,"siren,explosion"
mixed_0389.wav,"wind,explosion,siren"
mixed_1581.wav,"speech,wind"
mixed_0924.wav,"wind,self,shahed"
mixed_2036.wav,"wind,siren"
mixed_2403.wav,"shahed,speech"
mixed_1224.wav,"shahed,wind"
mixed_1946.wav,"speech,siren,shahed"
mixed_0739.wav,"self,explosion"
mixed_0040.wav,"explosion,shahed"
mixed_0868.wav,"speech,explosion"
mixed_0539.wav,"self,siren,shahed"
mixed_2510.wav,"siren,explosion"
mixed_1371.wav,"shahed,explosion,self"
mixed_1145.wav,"speech,self,wind"
mixed_1031.wav,"wind,siren"
mixed_0372.wav,"explosion,shahed"
mixed_0667.wav,"self,shahed"
mixed_0357.wav,"shahed,self,speech"
mixed_0967.wav,"speech,siren"
mixed_1353.wav,"explosion,siren"
mixed_1035.wav,"wind,siren,explosion"
mixed_0470.wav,"shahed,wind,explosion"
mixed_1396.wav,"explosion,wind"
mixed_2620.wav,"self,speech,siren"
mixed_1549.wav,"speech,shahed"
mixed_1256.wav,"speech,shahed,wind"
mixed_2094.wav,"self,explosion,speech"
mixed_1555.wav,"explosion,wind"
mixed_2589.wav,"shahed,explosion,speech"
mixed_1250.wav,"self,speech"
mixed_1699.wav,"siren,explosion"
mixed_1252.wav,"shahed,speech"
mixed_2780.wav,"speech,wind"
mixed_0079.wav,"speech,self,explosion"
mixed_1172.wav,"wind,speech"
mixed_0814.wav,"speech,explosion,siren"
mixed_1852.wav,"self,siren,speech"
mixed_2220.wav,"siren,shahed"
mixed_2628.wav,"wind,speech,siren"
mixed_2105.wav,"speech,wind,shahed"
mixed_0133.wav,"siren,speech"
mixed_1140.wav,"explosion,siren"
mixed_0933.wav,"speech,siren,wind"
mixed_0928.wav,"shahed,self"
mixed_0823.wav,"siren,wind,shahed"
mixed_1531.wav,"explosion,wind"
mixed_1214.wav,"speech,explosion,wind"
mixed_0504.wav,"siren,wind"
mixed_2964.wav,"shahed,explosion,self"
mixed_2395.wav,"wind,shahed"
mixed_1996.wav,"siren,speech"
mixed_1958.wav,"wind,explosion,speech"
mixed_1384.wav,"self,siren,explosion"
mixed_0894.wav,"shahed,wind,self"
mixed_0828.wav,"self,wind,explosion"
mixed_2920.wav,"speech,explosion"
mixed_1683.wav,"explosion,self,wind"
mixed_2574.wav,"self,speech,siren"
mixed_2969.wav,"siren,shahed"
mixed_2512.wav,"wind,self,siren"
mixed_0652.wav,"speech,self,siren"
mixed_0172.wav,"wind,self,shahed"
mixed_0038.wav,"wind,self"
mixed_2860.wav,"self,siren"
mixed_0713.wav,"speech,siren,wind"
mixed_0090.wav,"wind,speech,siren"
mixed_2954.wav,"wind,explosion,siren"
mixed_1205.wav,"shahed,siren,explosion"
mixed_2585.wav,"siren,explosion,wind"
mixed_1827.wav,"self,siren,explosion"
mixed_1155.wav,"wind,shahed"
mixed_1324.wav,"speech,wind"
mixed_0216.wav,"siren,speech,self"
mixed_0510.wav,"shahed,self,siren"
mixed_1680.wav,"wind,self"
mixed_0499.wav,"self,wind"
mixed_2548.wav,"explosion,shahed,siren"
mixed_1856.wav,"siren,shahed"
mixed_1388.wav,"speech,self"
mixed_1519.wav,"speech,siren"
mixed_2386.wav,"speech,shahed,siren"
mixed_2721.wav,"speech,wind"
mixed_2076.wav,"explosion,speech"
mixed_1540.wav,"self,speech,shahed"
mixed_1217.wav,"speech,self"
mixed_1416.wav,"wind,siren,shahed"
mixed_2217.wav,"self,siren"
mixed_2621.wav,"self,wind"
mixed_1676.wav,"shahed,siren"
mixed_1197.wav,"speech,siren,explosion"
mixed_1542.wav,"explosion,wind,siren"
mixed_0953.wav,"wind,shahed"
mixed_0750.wav,"explosion,self"
mixed_0234.wav,"self,shahed,explosion"
mixed_0732.wav,"speech,shahed"
mixed_2992.wav,"shahed,wind"
mixed_1156.wav,"shahed,self,explosion"
mixed_2573.wav,"self,speech"
mixed_2445.wav,"explosion,wind,siren"
mixed_1209.wav,"wind,speech,siren"
mixed_1065.wav,"shahed,siren"
mixed_2156.wav,"shahed,wind"
mixed_1062.wav,"wind,siren,self"
mixed_1167.wav,"siren,speech"
mixed_1492.wav,"siren,explosion,speech"
mixed_2474.wav,"siren,shahed"
mixed_0884.wav,"siren,explosion,shahed"
mixed_0143.wav,"speech,self"
mixed_2942.wav,"self,explosion,speech"
mixed_0850.wav,"speech,explosion"
mixed_0717.wav,"shahed,self,wind"
mixed_2864.wav,"wind,speech,explosion"
mixed_0264.wav,"siren,explosion"
mixed_0075.wav,"speech,explosion,shahed"
mixed_0395.wav,"explosion,shahed"
mixed_2545.wav,"self,explosion,speech"
mixed_2224.wav,"shahed,speech"
mixed_2799.wav,"wind,explosion,self"
mixed_0396.wav,"speech,wind"
mixed_1365.wav,"shahed,speech"
mixed_2500.wav,"wind,explosion"
mixed_1903.wav,"shahed,siren,speech"
mixed_0595.wav,"shahed,wind,explosion"
mixed_2109.wav,"explosion,self,siren"
mixed_1296.wav,"explosion,siren,self"
mixed_1821.wav,"self,wind,explosion"
mixed_0872.wav,"self,speech,explosion"
mixed_2911.wav,"shahed,wind,self"
mixed_2326.wav,"explosion,siren,shahed"
mixed_1548.wav,"wind,siren,speech"
mixed_0036.wav,"speech,shahed"
mixed_2526.wav,"siren,wind"
mixed_2143.wav,"shahed,wind"
mixed_2940.wav,"siren,shahed"
mixed_0977.wav,"shahed,siren"
mixed_1571.wav,"self,siren"
mixed_1122.wav,"explosion,shahed,siren"
mixed_2239.wav,"explosion,wind,siren"
mixed_1892.wav,"speech,shahed"
mixed_0675.wav,"shahed,speech"
mixed_0728.wav,"self,siren"
mixed_0412.wav,"wind,shahed"
mixed_1516.wav,"siren,wind"
mixed_1649.wav,"shahed,self"
mixed_0825.wav,"speech,shahed"
mixed_0616.wav,"self,speech,wind"
mixed_0114.wav,"explosion,speech"
mixed_0417.wav,"shahed,wind,self"
mixed_1625.wav,"explosion,self"
mixed_2939.wav,"self,wind"
mixed_0089.wav,"siren,wind,self"
mixed_2082.wav,"self,explosion"
mixed_0753.wav,"self,shahed"
mixed_1630.wav,"explosion,speech"
mixed_0011.wav,"self,explosion"
mixed_2444.wav,"wind,speech,self"
mixed_0284.wav,"shahed,self,siren"
mixed_1066.wav,"siren,explosion"
mixed_1191.wav,"self,siren"
mixed_1440.wav,"self,speech"
mixed_2801.wav,"speech,siren,explosion"
mixed_2800.wav,"speech,shahed"
mixed_2710.wav,"siren,speech"
mixed_1568.wav,"explosion,siren,speech"
mixed_2427.wav,"wind,self"
mixed_2577.wav,"explosion,wind,siren"
mixed_1687.wav,"self,speech,siren"
mixed_0851.wav,"self,shahed"
mixed_2207.wav,"siren,self,speech"
mixed_0895.wav,"speech,shahed"
mixed_0496.wav,"self,explosion"
mixed_2305.wav,"wind,speech,explosion"
mixed_1782.wav,"siren,speech,shahed"
mixed_0335.wav,"speech,siren"
mixed_0515.wav,"wind,siren"
mixed_1348.wav,"shahed,self"
mixed_1015.wav,"explosion,siren,self"
mixed_2808.wav,"explosion,self,siren"
mixed_2803.wav,"speech,siren"
mixed_1781.wav,"self,shahed"
mixed_1785.wav,"wind,self"
mixed_2070.wav,"self,shahed,explosion"
mixed_0356.wav,"shahed,self"
mixed_2852.wav,"siren,self,shahed"
mixed_1312.wav,"speech,self,explosion"
mixed_1635.wav,"shahed,self,wind"
mixed_0550.wav,"explosion,speech"
mixed_2388.wav,"wind,self"
mixed_2479.wav,"shahed,self"
mixed_2521.wav,"speech,self,siren"
mixed_2265.wav,"siren,shahed,speech"
mixed_1227.wav,"shahed,speech"
mixed_2822.wav,"speech,self"
mixed_0957.wav,"speech,wind,shahed"
mixed_1773.wav,"siren,shahed"
mixed_2141.wav,"siren,speech,self"
mixed_1008.wav,"explosion,shahed,speech"
mixed_1092.wav,"siren,self"
mixed_2674.wav,"wind,shahed,explosion"
mixed_0996.wav,"explosion,siren"
mixed_1679.wav,"siren,speech,self"
mixed_0153.wav,"speech,self,siren"
mixed_2782.wav,"shahed,explosion"
mixed_0580.wav,"wind,siren"
mixed_1470.wav,"speech,siren"
mixed_0703.wav,"shahed,explosion,speech"
mixed_1212.wav,"shahed,wind,explosion"
mixed_0896.wav,"self,explosion"
mixed_0487.wav,"explosion,wind"
mixed_0559.wav,"self,explosion,speech"
mixed_1141.wav,"wind,explosion"
mixed_1119.wav,"speech,shahed"
mixed_0512.wav,"speech,self,shahed"
mixed_0633.wav,"self,wind"
mixed_2584.wav,"wind,speech,self"
mixed_1664.wav,"siren,explosion"
mixed_1012.wav,"wind,explosion"
mixed_1931.wav,"wind,speech"
mixed_1150.wav,"wind,self"
mixed_2805.wav,"wind,explosion"
mixed_0116.wav,"siren,speech,explosion"
mixed_0740.wav,"self,explosion,shahed"
mixed_2763.wav,"explosion,self"
mixed_1974.wav,"speech,siren"
mixed_1081.wav,"wind,speech,self"
mixed_1810.wav,"siren,explosion"
mixed_0830.wav,"siren,shahed"
mixed_0119.wav,"self,siren"
mixed_0656.wav,"explosion,self,wind"
mixed_2732.wav,"wind,shahed"
mixed_2692.wav,"shahed,wind"
mixed_2932.wav,"explosion,wind,shahed"
mixed_0635.wav,"explosion,self,wind"
mixed_0369.wav,"speech,siren"
mixed_0268.wav,"wind,explosion"
mixed_0046.wav,"speech,siren"
mixed_0991.wav,"wind,self,shahed"
mixed_0876.wav,"speech,shahed"
mixed_0773.wav,"siren,speech,self"
mixed_1219.wav,"wind,self,explosion"
mixed_1126.wav,"explosion,speech,shahed"
mixed_0004.wav,"shahed,wind"
mixed_1595.wav,"siren,explosion,wind"
mixed_2311.wav,"explosion,shahed"
mixed_2491.wav,"siren,explosion,shahed"
mixed_1077.wav,"explosion,siren"
mixed_0837.wav,"siren,wind"
mixed_0681.wav,"shahed,self,explosion"
mixed_1715.wav,"explosion,self"
mixed_2352.wav,"shahed,siren,speech"
mixed_2361.wav,"self,siren"
mixed_2197.wav,"explosion,shahed"
mixed_1148.wav,"explosion,self,wind"
mixed_0574.wav,"speech,shahed,siren"
mixed_0050.wav,"siren,speech"
mixed_0853.wav,"siren,wind"
mixed_1982.wav,"explosion,self"
mixed_1823.wav,"self,speech,explosion"
mixed_0833.wav,"shahed,wind"
mixed_1115.wav,"shahed,explosion,self"
mixed_1166.wav,"speech,shahed,siren"
mixed_2518.wav,"self,explosion"
mixed_1906.wav,"shahed,wind,siren"
mixed_0971.wav,"wind,explosion"
mixed_0399.wav,"shahed,explosion"
mixed_2559.wav,"siren,speech"
mixed_2368.wav,"shahed,siren,wind"
mixed_0019.wav,"shahed,self"
mixed_0684.wav,"siren,shahed"
mixed_0035.wav,"explosion,self,shahed"
mixed_2829.wav,"explosion,speech,self"
mixed_0524.wav,"self,wind,siren"
mixed_2455.wav,"explosion,wind,speech"
mixed_0920.wav,"wind,shahed,explosion"
mixed_1841.wav,"speech,explosion"
mixed_1890.wav,"shahed,siren"
mixed_0537.wav,"siren,explosion"
mixed_1705.wav,"speech,self"
mixed_2931.wav,"speech,wind,siren"
mixed_0245.wav,"wind,siren"
mixed_0784.wav,"shahed,explosion"
mixed_1409.wav,"self,explosion,speech"
mixed_2537.wav,"siren,explosion,shahed"
mixed_0154.wav,"shahed,siren"
mixed_1686.wav,"wind,explosion,speech"
mixed_0625.wav,"speech,wind,siren"
mixed_2876.wav,"self,shahed,wind"
mixed_1346.wav,"self,shahed"
mixed_0569.wav,"siren,self"
mixed_2933.wav,"shahed,speech,self"
mixed_1758.wav,"explosion,siren"
mixed_1816.wav,"speech,explosion"
mixed_2065.wav,"shahed,speech,wind"
mixed_0127.wav,"speech,explosion,wind"
mixed_2977.wav,"siren,explosion,shahed"
mixed_2006.wav,"explosion,self,siren"
mixed_0980.wav,"self,speech,shahed"
mixed_2974.wav,"siren,shahed,explosion"
mixed_0190.wav,"explosion,wind,shahed"
mixed_1139.wav,"wind,shahed"
mixed_0992.wav,"explosion,wind,shahed"
mixed_0699.wav,"explosion,speech,siren"
mixed_0606.wav,"self,shahed"
mixed_0180.wav,"self,explosion,siren"
mixed_0301.wav,"wind,shahed"
mixed_2544.wav,"shahed,explosion,speech"
mixed_2775.wav,"wind,speech,self"
mixed_1060.wav,"siren,self,shahed"
mixed_2819.wav,"siren,speech,self"
mixed_2878.wav,"wind,siren,self"
mixed_2565.wav,"shahed,siren,speech"
mixed_1069.wav,"wind,shahed"
mixed_2524.wav,"siren,self,shahed"
mixed_2205.wav,"explosion,shahed"
mixed_1243.wav,"siren,wind"
mixed_0016.wav,"wind,speech,self"
mixed_2980.wav,"siren,speech,shahed"
mixed_0546.wav,"self,shahed"
mixed_0658.wav,"siren,speech,explosion"
mixed_2704.wav,"speech,shahed,self"
mixed_2735.wav,"explosion,shahed"
mixed_1504.wav,"explosion,self,wind"
mixed_0959.wav,"self,wind"
mixed_2331.wav,"siren,speech,wind"
mixed_0797.wav,"siren,speech,self"
mixed_0225.wav,"self,explosion,shahed"
mixed_2074.wav,"explosion,shahed,siren"
mixed_1799.wav,"wind,speech"
mixed_2485.wav,"explosion,speech,wind"
mixed_2962.wav,"speech,shahed"
mixed_2277.wav,"self,speech"
mixed_2085.wav,"explosion,self,shahed"
mixed_1693.wav,"siren,self,wind"
mixed_1045.wav,"wind,explosion,siren"
mixed_0469.wav,"siren,speech,self"
mixed_0954.wav,"explosion,speech,siren"
mixed_2976.wav,"shahed,speech"
mixed_0639.wav,"siren,self,speech"
mixed_2778.wav,"explosion,speech"
mixed_1218.wav,"explosion,wind,speech"
mixed_1158.wav,"shahed,wind,explosion"
mixed_1415.wav,"shahed,speech,self"
mixed_2713.wav,"speech,wind,shahed"
mixed_1527.wav,"speech,self,explosion"
mixed_2921.wav,"speech,self,shahed"
mixed_1300.wav,"self,wind"
mixed_2866.wav,"wind,self"
mixed_1603.wav,"speech,explosion,siren"
mixed_0160.wav,"siren,speech,explosion"
mixed_1704.wav,"shahed,wind,siren"
mixed_0956.wav,"self,shahed,siren"
mixed_2915.wav,"self,shahed,explosion"
mixed_0877.wav,"self,siren,speech"
mixed_1919.wav,"wind,explosion,speech"
mixed_1884.wav,"siren,self,wind"
mixed_2200.wav,"shahed,explosion,wind"
mixed_0098.wav,"shahed,siren"
mixed_2827.wav,"speech,wind,shahed"
mixed_2557.wav,"speech,wind,siren"
mixed_0253.wav,"wind,self"
mixed_0103.wav,"wind,shahed,speech"
mixed_1445.wav,"shahed,siren,speech"
mixed_1443.wav,"siren,self"
mixed_1648.wav,"self,explosion"
mixed_0586.wav,"speech,siren"
mixed_0627.wav,"self,shahed"
mixed_1696.wav,"speech,shahed,explosion"
mixed_2101.wav,"self,siren,wind"
mixed_2199.wav,"speech,explosion"
mixed_0403.wav,"explosion,shahed"
mixed_1154.wav,"explosion,speech,self"
mixed_2255.wav,"self,explosion"
mixed_1682.wav,"wind,shahed"
mixed_2056.wav,"speech,explosion,siren"
mixed_2844.wav,"siren,self,shahed"
mixed_0452.wav,"speech,wind"
mixed_2301.wav,"shahed,siren"
mixed_1327.wav,"wind,self,explosion"
mixed_2049.wav,"wind,speech,siren"
mixed_0880.wav,"self,wind"
mixed_2918.wav,"shahed,siren"
mixed_0623.wav,"siren,self"
mixed_2393.wav,"explosion,siren,shahed"
mixed_2772.wav,"speech,shahed"
mixed_1787.wav,"explosion,siren,wind"
mixed_0262.wav,"self,speech"
mixed_1634.wav,"speech,explosion,self"
mixed_1438.wav,"siren,wind,self"
mixed_2198.wav,"explosion,self,wind"
mixed_1969.wav,"speech,explosion,shahed"
mixed_2520.wav,"wind,siren"
mixed_1802.wav,"shahed,self"
mixed_0640.wav,"siren,speech"
mixed_2385.wav,"explosion,wind"
mixed_2598.wav,"siren,wind"
mixed_2830.wav,"shahed,wind,speech"
mixed_1959.wav,"siren,explosion"
mixed_0488.wav,"wind,speech"
mixed_1843.wav,"wind,speech"
mixed_1734.wav,"speech,shahed"
mixed_0146.wav,"siren,speech"
mixed_1534.wav,"speech,shahed"
mixed_1986.wav,"shahed,wind,siren"
mixed_1369.wav,"self,wind"
mixed_2450.wav,"siren,speech,wind"
mixed_2936.wav,"explosion,siren"
mixed_0659.wav,"shahed,explosion,wind"
mixed_1794.wav,"explosion,self"
mixed_2511.wav,"speech,wind,self"
mixed_0186.wav,"siren,shahed"
mixed_1147.wav,"shahed,siren,explosion"
mixed_0608.wav,"shahed,explosion,self"
mixed_2191.wav,"speech,wind,self"
mixed_1930.wav,"wind,shahed"
mixed_0197.wav,"explosion,speech,wind"
mixed_2327.wav,"self,siren,shahed"
mixed_0293.wav,"speech,explosion"
mixed_0766.wav,"explosion,shahed,speech"
mixed_0400.wav,"speech,self"
mixed_0122.wav,"self,explosion,siren"
mixed_0202.wav,"siren,speech,wind"
mixed_0835.wav,"siren,wind,shahed"
mixed_2294.wav,"explosion,shahed"
mixed_1439.wav,"speech,wind"
mixed_1733.wav,"siren,wind,self"
mixed_1695.wav,"siren,speech,shahed"
mixed_2928.wav,"self,wind,siren"
mixed_1707.wav,"wind,siren,speech"
mixed_2913.wav,"shahed,speech"
mixed_1153.wav,"siren,wind,self"
mixed_1661.wav,"explosion,wind"
mixed_2432.wav,"shahed,speech"
mixed_1759.wav,"shahed,self,wind"
mixed_0854.wav,"speech,explosion,shahed"
mixed_1589.wav,"speech,self,wind"
mixed_2267.wav,"explosion,wind,shahed"
mixed_0641.wav,"self,siren"
mixed_0001.wav,"self,shahed"
mixed_2160.wav,"wind,siren"
mixed_0698.wav,"self,siren"
mixed_1636.wav,"speech,siren,wind"
mixed_1291.wav,"wind,self"
mixed_2856.wav,"shahed,self,speech"
mixed_2489.wav,"self,wind,speech"
mixed_1520.wav,"shahed,wind"
mixed_1853.wav,"self,wind"
mixed_1136.wav,"speech,siren,self"
mixed_2898.wav,"siren,wind,self"
mixed_1631.wav,"shahed,explosion"
mixed_1998.wav,"wind,self"
mixed_0663.wav,"shahed,self,speech"
mixed_0683.wav,"speech,self,siren"
mixed_1257.wav,"explosion,wind"
mixed_0317.wav,"wind,shahed,siren"
mixed_0648.wav,"wind,shahed"
mixed_1434.wav,"self,speech,shahed"
mixed_1479.wav,"wind,shahed"
mixed_0709.wav,"speech,wind"
mixed_1282.wav,"shahed,speech,explosion"
mixed_1768.wav,"speech,shahed"
mixed_0972.wav,"siren,speech,explosion"
mixed_2675.wav,"siren,explosion,wind"
mixed_2680.wav,"wind,self,shahed"
mixed_1306.wav,"self,shahed"
mixed_1400.wav,"siren,wind"
mixed_1408.wav,"siren,speech,explosion"
mixed_2237.wav,"shahed,wind,explosion"
mixed_1496.wav,"speech,shahed"
mixed_2038.wav,"explosion,wind"
mixed_1529.wav,"explosion,speech,wind"
mixed_1663.wav,"speech,wind"
mixed_1354.wav,"siren,self"
mixed_2924.wav,"shahed,siren,speech"
mixed_2944.wav,"wind,explosion"
mixed_1643.wav,"wind,explosion"
mixed_1051.wav,"speech,explosion"
mixed_0795.wav,"self,siren"
mixed_2693.wav,"explosion,siren"
mixed_1597.wav,"shahed,siren"
mixed_2604.wav,"shahed,wind"
mixed_2729.wav,"speech,shahed"
mixed_2625.wav,"self,siren,speech"
mixed_1819.wav,"wind,self,siren"
mixed_1722.wav,"shahed,wind"
mixed_1183.wav,"siren,self,wind"
mixed_2572.wav,"siren,self"
mixed_1059.wav,"siren,shahed"
mixed_0540.wav,"explosion,wind,shahed"
mixed_1678.wav,"wind,self"
mixed_2796.wav,"self,wind"
mixed_2955.wav,"shahed,explosion,siren"
mixed_2532.wav,"self,speech,shahed"
mixed_1757.wav,"siren,wind"
mixed_1923.wav,"shahed,speech"
mixed_0095.wav,"siren,wind,self"
mixed_1020.wav,"speech,siren"
mixed_0563.wav,"shahed,wind"
mixed_2790.wav,"wind,siren,self"
mixed_0863.wav,"speech,explosion"
mixed_1484.wav,"shahed,wind"
mixed_1881.wav,"self,speech,wind"
mixed_1038.wav,"siren,self"
mixed_0206.wav,"explosion,self"
mixed_0392.wav,"speech,self,wind"
mixed_2842.wav,"shahed,siren,explosion"
mixed_0870.wav,"siren,shahed"
mixed_0397.wav,"self,siren"
mixed_2814.wav,"wind,shahed,speech"
mixed_2882.wav,"wind,siren,explosion"
mixed_1028.wav,"wind,self,explosion"
mixed_2690.wav,"speech,shahed"
mixed_1485.wav,"siren,explosion"
mixed_2660.wav,"self,siren,explosion"
mixed_0960.wav,"speech,self"
mixed_1570.wav,"wind,explosion,shahed"
mixed_2773.wav,"wind,shahed"
mixed_1895.wav,"explosion,shahed"
mixed_2731.wav,"speech,wind,self"
mixed_2146.wav,"speech,shahed,siren"
mixed_0804.wav,"self,wind"
mixed_1751.wav,"shahed,wind,speech"
mixed_2454.wav,"self,shahed"
mixed_0502.wav,"speech,shahed"
mixed_0779.wav,"shahed,self"
mixed_1863.wav,"shahed,siren"
mixed_0200.wav,"speech,siren,shahed"
mixed_2182.wav,"siren,shahed,self"
mixed_2088.wav,"siren,speech"
mixed_2278.wav,"siren,self,explosion"
mixed_1796.wav,"siren,wind"
mixed_0378.wav,"shahed,explosion,siren"
mixed_2336.wav,"wind,siren,shahed"
mixed_0418.wav,"self,siren"
mixed_1698.wav,"explosion,speech,wind"
mixed_0391.wav,"explosion,speech"
mixed_2640.wav,"explosion,wind,self"
mixed_1522.wav,"explosion,siren,shahed"
mixed_1162.wav,"wind,shahed"
mixed_1495.wav,"explosion,self,siren"
mixed_2695.wav,"speech,siren"
mixed_2027.wav,"self,shahed,speech"
mixed_1152.wav,"speech,wind,explosion"
mixed_1367.wav,"explosion,self,speech"
mixed_2568.wav,"explosion,shahed,speech"
mixed_0064.wav,"speech,siren"
mixed_2062.wav,"speech,wind,self"
mixed_1180.wav,"speech,wind"
mixed_0492.wav,"siren,speech,wind"
mixed_0379.wav,"self,shahed"
mixed_2235.wav,"self,explosion,shahed"
mixed_0763.wav,"wind,shahed"
mixed_2264.wav,"speech,explosion"
mixed_0791.wav,"siren,self,wind"
mixed_1076.wav,"explosion,self,speech"
mixed_0878.wav,"explosion,wind"
mixed_0337.wav,"speech,self,shahed"
mixed_2767.wav,"wind,shahed"
mixed_2343.wav,"speech,explosion"
mixed_1016.wav,"speech,self,siren"
mixed_1275.wav,"self,wind,siren"
mixed_0455.wav,"shahed,self,explosion"
mixed_0815.wav,"explosion,siren"
mixed_2317.wav,"self,shahed"
mixed_0995.wav,"shahed,wind"
mixed_1981.wav,"explosion,wind,speech"
mixed_0201.wav,"explosion,self"
mixed_0161.wav,"explosion,wind"
mixed_1579.wav,"explosion,siren"
mixed_2777.wav,"explosion,shahed,self"
mixed_2449.wav,"siren,explosion"
mixed_0702.wav,"speech,explosion"
mixed_1500.wav,"speech,self,wind"
mixed_1129.wav,"shahed,speech,wind"
mixed_2613.wav,"explosion,siren"
mixed_1021.wav,"shahed,wind,speech"
mixed_1585.wav,"explosion,siren"
mixed_1955.wav,"speech,explosion,self"
mixed_2253.wav,"self,siren"
mixed_0034.wav,"self,siren"
mixed_0775.wav,"explosion,shahed,siren"
mixed_2556.wav,"speech,self,explosion"
mixed_1478.wav,"siren,wind,speech"
mixed_1390.wav,"shahed,siren,wind"
mixed_2139.wav,"siren,self"
mixed_1363.wav,"siren,shahed"
mixed_2612.wav,"speech,explosion"
mixed_2824.wav,"shahed,speech,siren"
mixed_2041.wav,"shahed,explosion"
mixed_0241.wav,"shahed,siren"
mixed_2061.wav,"self,wind,shahed"
mixed_2363.wav,"self,explosion"
mixed_0600.wav,"wind,siren"
mixed_2435.wav,"self,shahed"
mixed_1297.wav,"shahed,wind,self"
mixed_2214.wav,"speech,shahed"
mixed_2888.wav,"siren,speech,explosion"
mixed_2068.wav,"explosion,shahed"
mixed_0646.wav,"wind,speech"
mixed_1528.wav,"siren,explosion,speech"
mixed_2879.wav,"explosion,shahed"
mixed_1267.wav,"siren,wind,speech"
mixed_1899.wav,"shahed,wind"
mixed_0562.wav,"shahed,self"
mixed_2734.wav,"explosion,shahed,speech"
mixed_0189.wav,"self,siren"
mixed_1806.wav,"self,speech,siren"
mixed_0975.wav,"speech,wind"
mixed_2747.wav,"wind,explosion,self"
mixed_2047.wav,"siren,explosion"
mixed_2558.wav,"explosion,self"
mixed_1082.wav,"speech,explosion"
mixed_0474.wav,"wind,self,siren"
mixed_2904.wav,"explosion,siren"
mixed_0747.wav,"self,wind,speech"
mixed_2300.wav,"explosion,speech,self"
mixed_0021.wav,"siren,self"
mixed_0459.wav,"self,explosion"
mixed_1184.wav,"speech,explosion"
mixed_2324.wav,"self,wind"
mixed_0955.wav,"explosion,shahed,speech"
mixed_1215.wav,"speech,self"
mixed_2433.wav,"self,explosion,speech"
mixed_2853.wav,"siren,wind"
mixed_1515.wav,"shahed,explosion,self"
mixed_2391.wav,"self,siren,explosion"
mixed_0769.wav,"shahed,explosion"
mixed_1685.wav,"speech,explosion"
mixed_0130.wav,"siren,wind,speech"
mixed_2919.wav,"explosion,wind"
mixed_2135.wav,"speech,siren,shahed"
mixed_1482.wav,"self,wind,explosion"
mixed_0330.wav,"explosion,wind"
mixed_1238.wav,"explosion,wind,speech"
mixed_0466.wav,"wind,siren"
mixed_2169.wav,"speech,siren,explosion"
mixed_1638.wav,"siren,shahed,self"
mixed_1095.wav,"speech,shahed"
mixed_1130.wav,"self,speech,wind"
mixed_1294.wav,"explosion,shahed,siren"
mixed_0860.wav,"wind,self"
